Date,Open,High,Low,Close,Adj Close,Volume
2019-01-02,5.77,5.8,5.64,5.67,5.67,64983644
2019-01-03,5.67,5.78,5.66,5.78,5.78,64537499
2019-01-04,5.75,5.87,5.73,5.86,5.86,75883629
2019-01-07,5.89,5.9,5.81,5.83,5.83,49010705
2019-01-08,5.84,5.86,5.81,5.85,5.85,39004129
2019-01-09,5.9,5.97,5.87,5.88,5.88,71727353
2019-01-10,5.89,5.91,5.85,5.85,5.85,45158553
2019-01-11,5.89,5.94,5.87,5.92,5.92,47767496
2019-01-14,5.91,5.95,5.88,5.89,5.89,38688837
2019-01-15,5.92,5.96,5.91,5.95,5.95,53423576
2019-01-16,5.94,5.97,5.9,5.96,5.96,49121459
2019-01-17,5.98,5.98,5.88,5.91,5.91,54176788
2019-01-18,5.97,5.99,5.93,5.98,5.98,59051770
2019-01-21,5.96,6.03,5.96,6.03,6.03,75387781
2019-01-22,6.02,6.05,6.0,6.02,6.02,46587965
2019-01-23,6.04,6.04,5.99,6.0,6.0,37306869
2019-01-24,6.02,6.04,5.96,5.99,5.99,38491667
2019-01-25,6.03,6.07,5.99,6.02,6.02,58882190
2019-01-28,6.05,6.07,5.99,6.01,6.01,46730235
2019-01-29,6.0,6.17,6.0,6.14,6.14,100612909
2019-01-30,6.12,6.14,6.07,6.1,6.1,56219259
2019-01-31,6.13,6.26,6.1,6.25,6.25,85692276
2019-02-01,6.28,6.28,6.17,6.22,6.22,64164286
2019-02-11,6.17,6.2,6.13,6.17,6.17,65840546
2019-02-12,6.19,6.2,6.13,6.16,6.16,52302301
2019-02-13,6.17,6.29,6.13,6.27,6.27,88261686
2019-02-14,6.26,6.27,6.19,6.21,6.21,47536908
2019-02-15,6.2,6.22,6.08,6.08,6.08,63164850
2019-02-18,6.14,6.19,6.1,6.17,6.17,59968544
2019-02-19,6.16,6.22,6.12,6.13,6.13,72558628
2019-02-20,6.16,6.18,6.11,6.14,6.14,58994527
2019-02-21,6.15,6.17,6.1,6.12,6.12,70903826
2019-02-22,6.13,6.2,6.08,6.2,6.2,92884431
2019-02-25,6.22,6.54,6.21,6.54,6.54,251269024
2019-02-26,6.47,6.54,6.35,6.35,6.35,204089171
2019-02-27,6.37,6.52,6.36,6.43,6.43,181562527
2019-02-28,6.45,6.48,6.38,6.4,6.4,115113175
2019-03-01,6.44,6.6,6.39,6.59,6.59,206883728
2019-03-04,6.66,6.85,6.6,6.7,6.7,285914944
2019-03-05,6.7,6.8,6.66,6.73,6.73,136875093
2019-03-06,6.74,6.8,6.64,6.69,6.69,141799565
2019-03-07,6.7,6.71,6.55,6.57,6.57,169171188
2019-03-08,6.49,6.54,6.29,6.3,6.3,184980024
2019-03-11,6.31,6.37,6.27,6.32,6.32,110820617
2019-03-12,6.38,6.44,6.31,6.34,6.34,131808156
2019-03-13,6.34,6.42,6.27,6.36,6.36,120092299
2019-03-14,6.35,6.43,6.33,6.37,6.37,107567329
2019-03-15,6.37,6.43,6.35,6.38,6.38,106851886
2019-03-18,6.4,6.49,6.36,6.49,6.49,138790553
2019-03-19,6.5,6.52,6.44,6.44,6.44,85766733
2019-03-20,6.44,6.51,6.43,6.48,6.48,107882389
2019-03-21,6.46,6.47,6.39,6.4,6.4,119219369
2019-03-22,6.41,6.42,6.36,6.39,6.39,83422748
2019-03-25,6.3,6.34,6.19,6.2,6.2,142615959
2019-03-26,6.24,6.24,6.15,6.19,6.19,73612299
2019-03-27,6.18,6.26,6.16,6.18,6.18,79808777
2019-03-28,6.17,6.18,6.08,6.11,6.11,98628768
2019-03-29,6.11,6.28,6.09,6.24,6.24,137876125
2019-04-01,6.25,6.35,6.24,6.32,6.32,209485702
2019-04-02,6.33,6.39,6.26,6.28,6.28,137773493
2019-04-03,6.11,6.3,6.07,6.3,6.3,464035024
2019-04-04,6.27,6.4,6.26,6.33,6.33,333633584
2019-04-08,6.35,6.47,6.32,6.37,6.37,321093504
2019-04-09,6.36,6.36,6.3,6.34,6.34,136973445
2019-04-10,6.32,6.33,6.23,6.3,6.3,155590335
2019-04-11,6.3,6.36,6.24,6.29,6.29,144983055
2019-04-12,6.3,6.31,6.25,6.29,6.29,83362503
2019-04-15,6.37,6.42,6.29,6.29,6.29,190065227
2019-04-16,6.28,6.51,6.26,6.5,6.5,324475184
2019-04-17,6.47,6.53,6.44,6.47,6.47,146793958
2019-04-18,6.46,6.47,6.38,6.39,6.39,112249220
2019-04-19,6.4,6.47,6.39,6.42,6.42,90203813
2019-04-22,6.42,6.43,6.26,6.27,6.27,153431778
2019-04-23,6.27,6.3,6.26,6.27,6.27,87212835
2019-04-24,6.3,6.31,6.2,6.25,6.25,103699075
2019-04-25,6.24,6.26,6.21,6.23,6.23,98796197
2019-04-26,6.22,6.25,6.17,6.18,6.18,107529707
2019-04-29,6.21,6.28,6.19,6.24,6.24,109137562
2019-04-30,6.24,6.27,6.21,6.26,6.26,89910434
2019-05-06,6.17,6.35,6.02,6.19,6.19,249767413
2019-05-07,6.16,6.18,6.1,6.12,6.12,109315348
2019-05-08,6.1,6.13,6.04,6.05,6.05,89446865
2019-05-09,6.05,6.09,5.99,6.0,6.0,97599365
2019-05-10,6.05,6.08,5.97,6.05,6.05,104895106
2019-05-13,6.01,6.04,5.98,5.99,5.99,65829257
2019-05-14,5.97,6.04,5.96,5.97,5.97,80140637
2019-05-15,5.99,6.03,5.97,6.0,6.0,75971560
2019-05-16,5.99,6.01,5.97,6.0,6.0,74262172
2019-05-17,6.0,6.01,5.94,5.96,5.96,83733932
2019-05-20,5.96,6.02,5.94,5.97,5.97,87255592
2019-05-21,5.97,6.03,5.97,5.99,5.99,80385540
2019-05-22,5.99,6.01,5.96,5.99,5.99,73756760
2019-05-23,5.99,5.99,5.94,5.96,5.96,74578963
2019-05-24,5.97,6.0,5.97,5.99,5.99,66413126
2019-05-27,5.98,6.0,5.94,5.99,5.99,86382834
2019-05-28,5.99,6.04,5.97,6.0,6.0,133242477
2019-05-29,5.98,6.0,5.96,5.97,5.97,62534429
2019-05-30,5.98,5.99,5.94,5.98,5.98,98055603
2019-05-31,5.97,6.0,5.94,5.96,5.96,80198762
2019-06-03,5.97,6.01,5.96,5.99,5.99,76759831
2019-06-04,6.0,6.03,5.99,6.03,6.03,90991305
2019-06-05,6.04,6.1,6.04,6.07,6.07,81670144
2019-06-06,6.08,6.11,6.06,6.07,6.07,73611990
2019-06-10,6.09,6.13,6.08,6.11,6.11,82670535
2019-06-11,6.11,6.16,6.1,6.15,6.15,111513701
2019-06-12,6.14,6.18,6.12,6.17,6.17,74430199
2019-06-13,6.16,6.18,6.12,6.16,6.16,59344493
2019-06-14,6.18,6.19,6.15,6.17,6.17,66612186
2019-06-17,6.17,6.21,6.16,6.18,6.18,54982135
2019-06-18,6.18,6.19,6.15,6.18,6.18,56902922
2019-06-19,6.24,6.25,6.21,6.23,6.23,110159590
2019-06-20,6.24,6.33,6.22,6.28,6.28,147041516
2019-06-21,6.28,6.31,6.25,6.26,6.26,94947178
2019-06-24,6.27,6.31,6.26,6.29,6.29,59515394
2019-06-25,6.29,6.29,6.07,6.1,6.1,231550630
2019-06-26,6.09,6.12,6.07,6.08,6.08,96298405
2019-06-27,6.1,6.16,6.09,6.13,6.13,115646664
2019-06-28,6.12,6.13,6.08,6.12,6.12,69449987
2019-07-01,6.17,6.19,6.14,6.16,6.16,95015589
2019-07-02,6.17,6.17,6.14,6.16,6.16,104814461
2019-07-03,6.16,6.2,6.14,6.19,6.19,79494731
2019-07-04,6.19,6.24,6.18,6.21,6.21,81868437
2019-07-05,6.22,6.22,6.17,6.18,6.18,75054488
2019-07-08,6.18,6.18,6.1,6.12,6.12,106923105
2019-07-09,5.84,5.84,5.76,5.77,5.77,95845636
2019-07-10,5.77,5.78,5.73,5.74,5.74,50901948
2019-07-11,5.76,5.79,5.74,5.75,5.75,38022639
2019-07-12,5.76,5.82,5.75,5.8,5.8,44315591
2019-07-15,5.79,5.82,5.71,5.8,5.8,67593303
2019-07-16,5.8,5.81,5.78,5.8,5.8,39788011
2019-07-17,5.79,5.8,5.75,5.76,5.76,42601245
2019-07-18,5.76,5.76,5.73,5.75,5.75,37320628
2019-07-19,5.76,5.8,5.75,5.79,5.79,45328718
2019-07-22,5.77,5.81,5.75,5.77,5.77,56348704
2019-07-23,5.77,5.79,5.75,5.77,5.77,54438135
2019-07-24,5.79,5.83,5.77,5.79,5.79,66155359
2019-07-25,5.78,5.8,5.77,5.79,5.79,62942498
2019-07-26,5.78,5.79,5.77,5.78,5.78,52313122
2019-07-29,5.78,5.79,5.77,5.78,5.78,53637572
2019-07-30,5.79,5.84,5.78,5.82,5.82,65436584
2019-07-31,5.82,5.82,5.78,5.81,5.81,56867377
2019-08-01,5.79,5.8,5.75,5.78,5.78,57844152
2019-08-02,5.72,5.73,5.67,5.68,5.68,98104698
2019-08-05,5.67,5.68,5.57,5.57,5.57,90781787
2019-08-06,5.5,5.53,5.47,5.51,5.51,95109334
2019-08-07,5.53,5.55,5.49,5.49,5.49,53389762
2019-08-08,5.52,5.53,5.5,5.51,5.51,58475186
2019-08-09,5.52,5.53,5.49,5.52,5.52,67467982
2019-08-12,5.51,5.54,5.5,5.53,5.53,54002286
2019-08-13,5.51,5.52,5.48,5.5,5.5,48820958
2019-08-14,5.53,5.53,5.49,5.5,5.5,46920828
2019-08-15,5.47,5.49,5.45,5.48,5.48,49446424
2019-08-16,5.47,5.49,5.45,5.45,5.45,72554993
2019-08-19,5.46,5.5,5.4,5.5,5.5,99253582
2019-08-20,5.49,5.51,5.47,5.47,5.47,56710643
2019-08-21,5.47,5.49,5.46,5.48,5.48,43734630
2019-08-22,5.48,5.49,5.46,5.46,5.46,39044903
2019-08-23,5.47,5.48,5.45,5.47,5.47,59613590
2019-08-26,5.42,5.45,5.41,5.43,5.43,64284545
2019-08-27,5.44,5.5,5.43,5.46,5.46,95028003
2019-08-28,5.48,5.49,5.44,5.44,5.44,61718611
2019-08-29,5.44,5.45,5.41,5.42,5.42,68887838
2019-08-30,5.44,5.47,5.41,5.41,5.41,62178861
2019-09-02,5.42,5.46,5.41,5.44,5.44,61076205
2019-09-03,5.45,5.47,5.42,5.44,5.44,69309147
2019-09-04,5.45,5.51,5.43,5.51,5.51,127373806
2019-09-05,5.51,5.6,5.5,5.54,5.54,149914758
2019-09-06,5.56,5.58,5.53,5.57,5.57,84318083
2019-09-09,5.6,5.6,5.55,5.56,5.56,94271678
2019-09-10,5.57,5.57,5.53,5.56,5.56,52650744
2019-09-11,5.57,5.65,5.57,5.64,5.64,101962796
2019-09-12,5.65,5.65,5.61,5.63,5.63,54140931
2019-09-16,5.64,5.64,5.59,5.61,5.61,55161700
2019-09-17,5.6,5.61,5.52,5.52,5.52,61795228
2019-09-18,5.54,5.55,5.51,5.52,5.52,53434070
2019-09-19,5.53,5.53,5.5,5.52,5.52,51942768
2019-09-20,5.53,5.56,5.52,5.56,5.56,78873037
2019-09-23,5.54,5.55,5.48,5.5,5.5,59223703
2019-09-24,5.51,5.52,5.49,5.5,5.5,38135312
2019-09-25,5.51,5.53,5.47,5.5,5.5,53695802
2019-09-26,5.51,5.57,5.49,5.52,5.52,83183323
2019-09-27,5.52,5.53,5.47,5.49,5.49,77372895
2019-09-30,5.49,5.52,5.45,5.45,5.45,66308090
2019-10-08,5.45,5.51,5.44,5.49,5.49,86234684
2019-10-09,5.47,5.58,5.46,5.54,5.54,89282363
2019-10-10,5.54,5.56,5.52,5.53,5.53,66513753
2019-10-11,5.55,5.6,5.52,5.59,5.59,94276893
2019-10-14,5.62,5.76,5.61,5.7,5.7,178398550
2019-10-15,5.69,5.74,5.67,5.72,5.72,108596627
2019-10-16,5.73,5.78,5.67,5.71,5.71,89721941
2019-10-17,5.71,5.73,5.67,5.69,5.69,55943974
2019-10-18,5.69,5.75,5.61,5.61,5.61,90281736
2019-10-21,5.62,5.69,5.61,5.69,5.69,67368244
2019-10-22,5.7,5.7,5.65,5.68,5.68,61452552
2019-10-23,5.67,5.72,5.66,5.69,5.69,59817477
2019-10-24,5.7,5.78,5.69,5.75,5.75,91344367
2019-10-25,5.76,5.76,5.66,5.71,5.71,91720738
2019-10-28,5.72,5.74,5.64,5.66,5.66,96433430
2019-10-29,5.67,5.68,5.62,5.64,5.64,56758889
2019-10-30,5.64,5.67,5.62,5.63,5.63,44939152
2019-10-31,5.63,5.64,5.59,5.61,5.61,64302010
2019-11-01,5.6,5.66,5.59,5.66,5.66,68738715
2019-11-04,5.66,5.69,5.64,5.66,5.66,64319281
2019-11-05,5.66,5.76,5.65,5.73,5.73,141131282
2019-11-06,5.72,5.77,5.72,5.74,5.74,56992946
2019-11-07,5.74,5.76,5.71,5.73,5.73,57239331
2019-11-08,5.75,5.75,5.65,5.66,5.66,80272612
2019-11-11,5.65,5.66,5.58,5.6,5.6,79358232
2019-11-12,5.61,5.61,5.56,5.57,5.57,63030341
2019-11-13,5.57,5.58,5.53,5.55,5.55,70842172
2019-11-14,5.55,5.56,5.52,5.53,5.53,58621991
2019-11-15,5.54,5.57,5.51,5.51,5.51,53567809
2019-11-18,5.52,5.55,5.51,5.54,5.54,51554931
2019-11-19,5.53,5.56,5.52,5.55,5.55,48833105
2019-11-20,5.53,5.54,5.5,5.5,5.5,59369117
2019-11-21,5.49,5.51,5.47,5.48,5.48,76391222
2019-11-22,5.5,5.53,5.48,5.5,5.5,61145194
2019-11-25,5.52,5.58,5.51,5.57,5.57,71687247
2019-11-26,5.59,5.59,5.55,5.56,5.56,94581187
2019-11-27,5.56,5.57,5.54,5.55,5.55,34850762
2019-11-28,5.55,5.57,5.52,5.54,5.54,43323522
2019-11-29,5.53,5.57,5.5,5.51,5.51,63525341
2019-12-02,5.52,5.53,5.48,5.49,5.49,51487958
2019-12-03,5.49,5.5,5.47,5.49,5.49,58746700
2019-12-04,5.48,5.49,5.44,5.46,5.46,77344574
2019-12-05,5.47,5.49,5.46,5.47,5.47,56540063
2019-12-06,5.47,5.48,5.45,5.47,5.47,55468434
2019-12-09,5.48,5.5,5.46,5.5,5.5,62103569
2019-12-10,5.49,5.5,5.47,5.48,5.48,48679347
2019-12-11,5.48,5.51,5.47,5.5,5.5,64988086
2019-12-12,5.51,5.51,5.48,5.49,5.49,52964667
2019-12-13,5.51,5.56,5.5,5.55,5.55,116842210
2019-12-16,5.54,5.55,5.52,5.54,5.54,77952783
2019-12-17,5.54,5.65,5.53,5.6,5.6,130004617
2019-12-18,5.6,5.66,5.6,5.61,5.61,125732312
2019-12-19,5.62,5.64,5.61,5.62,5.62,65404473
2019-12-20,5.63,5.65,5.61,5.63,5.63,75220454
2019-12-23,5.63,5.64,5.56,5.57,5.57,78701042
2019-12-24,5.57,5.6,5.56,5.58,5.58,34728611
2019-12-25,5.58,5.59,5.56,5.57,5.57,37914315
2019-12-26,5.57,5.61,5.56,5.6,5.6,49461570
2019-12-27,5.6,5.65,5.59,5.62,5.62,90879118
2019-12-30,5.6,5.65,5.58,5.64,5.64,92552335
2019-12-31,5.63,5.64,5.61,5.63,5.63,66777188
2020-01-02,5.66,5.71,5.66,5.68,5.68,120457527
2020-01-03,5.7,5.7,5.68,5.69,5.69,79226429
2020-01-06,5.68,5.7,5.65,5.66,5.66,110279939
2020-01-07,5.67,5.72,5.66,5.69,5.69,100975573
2020-01-08,5.67,5.67,5.63,5.64,5.64,88454492
2020-01-09,5.66,5.68,5.64,5.65,5.65,70574836
2020-01-10,5.66,5.67,5.63,5.64,5.64,47980735
2020-01-13,5.65,5.66,5.62,5.65,5.65,48864220
2020-01-14,5.65,5.7,5.65,5.67,5.67,60179379
2020-01-15,5.66,5.67,5.62,5.62,5.62,48839362
2020-01-16,5.63,5.64,5.61,5.61,5.61,44167672
2020-01-17,5.63,5.65,5.6,5.61,5.61,42898918
2020-01-20,5.61,5.63,5.6,5.62,5.62,50593695
2020-01-21,5.61,5.62,5.56,5.57,5.57,68006773
2020-01-22,5.57,5.57,5.51,5.54,5.54,75774635
2020-01-23,5.53,5.53,5.46,5.47,5.47,107220725
2020-02-03,5.05,5.25,5.05,5.11,5.11,189713145
2020-02-04,5.13,5.25,5.12,5.2,5.2,129302220
2020-02-05,5.21,5.24,5.16,5.2,5.2,92667586
2020-02-06,5.22,5.26,5.18,5.24,5.24,95928446
2020-02-07,5.22,5.27,5.2,5.25,5.25,66853432
2020-02-10,5.23,5.26,5.22,5.23,5.23,60622311
2020-02-11,5.24,5.29,5.23,5.26,5.26,67071570
2020-02-12,5.26,5.28,5.25,5.28,5.28,42780171
2020-02-13,5.27,5.29,5.24,5.24,5.24,51885965
2020-02-14,5.24,5.29,5.23,5.28,5.28,44830627
2020-02-17,5.27,5.35,5.27,5.34,5.34,58085651
2020-02-18,5.33,5.36,5.3,5.31,5.31,56352602
2020-02-19,5.31,5.34,5.3,5.32,5.32,52979145
2020-02-20,5.31,5.37,5.29,5.35,5.35,79874650
2020-02-21,5.33,5.39,5.33,5.37,5.37,79392915
2020-02-24,5.36,5.38,5.31,5.31,5.31,71777866
2020-02-25,5.28,5.31,5.26,5.28,5.28,78857890
2020-02-26,5.26,5.33,5.25,5.31,5.31,95636723
2020-02-27,5.3,5.35,5.29,5.31,5.31,61406539
2020-02-28,5.27,5.32,5.2,5.2,5.2,104045303
2020-03-02,5.21,5.3,5.21,5.29,5.29,83304077
2020-03-03,5.31,5.35,5.3,5.32,5.32,83390120
2020-03-04,5.32,5.36,5.31,5.34,5.34,52203096
2020-03-05,5.36,5.44,5.34,5.39,5.39,125890759
2020-03-06,5.37,5.39,5.33,5.34,5.34,60561011
2020-03-09,5.3,5.31,5.21,5.28,5.28,237469991
2020-03-10,5.24,5.42,5.24,5.35,5.35,136903064
2020-03-11,5.36,5.36,5.28,5.28,5.28,75986610
2020-03-12,5.27,5.29,5.24,5.28,5.28,72585952
2020-03-13,5.18,5.29,5.15,5.25,5.25,122698595
2020-03-16,5.26,5.28,5.18,5.19,5.19,103280135
2020-03-17,5.19,5.26,5.17,5.2,5.2,112394642
2020-03-18,5.23,5.23,5.11,5.12,5.12,93220559
2020-03-19,5.11,5.15,5.0,5.02,5.02,116207486
2020-03-20,5.07,5.13,5.04,5.09,5.09,91150223
2020-03-23,5.04,5.05,5.0,5.02,5.02,77865695
2020-03-24,5.07,5.11,5.05,5.09,5.09,65502335
2020-03-25,5.15,5.16,5.11,5.12,5.12,59051468
2020-03-26,5.11,5.16,5.08,5.12,5.12,64291124
2020-03-27,5.15,5.19,5.12,5.16,5.16,54080750
2020-03-30,5.15,5.24,5.14,5.22,5.22,89307064
2020-03-31,5.24,5.25,5.16,5.16,5.16,58549006
2020-04-01,5.16,5.21,5.15,5.16,5.16,51641931
2020-04-02,5.15,5.21,5.14,5.21,5.21,42260109
2020-04-03,5.19,5.2,5.16,5.17,5.17,31167300
2020-04-07,5.22,5.23,5.2,5.21,5.21,64210344
2020-04-08,5.2,5.22,5.18,5.19,5.19,45234176
2020-04-09,5.21,5.22,5.17,5.17,5.17,45331206
2020-04-10,5.18,5.19,5.16,5.18,5.18,33770581
2020-04-13,5.17,5.19,5.17,5.17,5.17,27708095
2020-04-14,5.18,5.19,5.16,5.19,5.19,50539876
2020-04-15,5.18,5.19,5.16,5.18,5.18,46750027
2020-04-16,5.16,5.2,5.16,5.2,5.2,45156690
2020-04-17,5.2,5.22,5.18,5.19,5.19,53893013
2020-04-20,5.19,5.2,5.16,5.17,5.17,53661364
2020-04-21,5.16,5.17,5.13,5.13,5.13,46648902
2020-04-22,5.14,5.15,5.11,5.14,5.14,39435681
2020-04-23,5.15,5.16,5.13,5.14,5.14,40414905
2020-04-24,5.14,5.15,5.12,5.14,5.14,31373939
2020-04-27,5.14,5.18,5.13,5.15,5.15,53418939
2020-04-28,5.16,5.17,5.11,5.15,5.15,47447422
2020-04-29,5.12,5.18,5.11,5.18,5.18,66208008
2020-04-30,5.17,5.21,5.17,5.18,5.18,58516854
2020-05-06,5.14,5.15,5.12,5.13,5.13,84236068
2020-05-07,5.13,5.14,5.12,5.12,5.12,45395464
2020-05-08,5.14,5.15,5.12,5.14,5.14,44015409
2020-05-11,5.14,5.16,5.13,5.15,5.15,50288513
2020-05-12,5.15,5.16,5.13,5.13,5.13,45694831
2020-05-13,5.13,5.14,5.12,5.13,5.13,41525430
2020-05-14,5.13,5.14,5.11,5.12,5.12,37789306
2020-05-15,5.13,5.15,5.12,5.13,5.13,46941779
2020-05-18,5.14,5.16,5.13,5.14,5.14,39499932
2020-05-19,5.16,5.16,5.14,5.14,5.14,36402779
2020-05-20,5.14,5.16,5.14,5.15,5.15,29304940
2020-05-21,5.16,5.16,5.13,5.13,5.13,32590904
2020-05-22,5.13,5.15,5.07,5.07,5.07,59886215
2020-05-25,5.09,5.1,5.06,5.09,5.09,45624291
2020-05-26,5.09,5.11,5.08,5.08,5.08,39345884
2020-05-27,5.08,5.12,5.08,5.11,5.11,46811914
2020-05-28,5.11,5.17,5.1,5.16,5.16,68287935
2020-05-29,5.14,5.15,5.11,5.11,5.11,59722969
2020-06-01,5.12,5.16,5.11,5.15,5.15,53530236
2020-06-02,5.14,5.19,5.14,5.18,5.18,66710250
2020-06-03,5.19,5.23,5.18,5.19,5.19,55993222
2020-06-04,5.21,5.22,5.16,5.16,5.16,34596949
2020-06-05,5.18,5.18,5.15,5.16,5.16,32085398
2020-06-08,5.16,5.17,5.13,5.14,5.14,50441280
2020-06-09,5.14,5.16,5.14,5.15,5.15,37146422
2020-06-10,5.16,5.16,5.13,5.13,5.13,44948100
2020-06-11,5.13,5.14,5.1,5.1,5.1,58702027
2020-06-12,5.09,5.12,5.08,5.1,5.1,63288235
2020-06-15,5.09,5.11,5.07,5.07,5.07,61707757
2020-06-16,5.09,5.11,5.09,5.1,5.1,36284784
2020-06-17,5.1,5.11,5.08,5.1,5.1,41200080
2020-06-18,5.09,5.13,5.08,5.11,5.11,58461901
2020-06-19,5.11,5.14,5.1,5.14,5.14,86722200
2020-06-22,5.12,5.15,5.11,5.12,5.12,61743860
2020-06-23,5.11,5.12,5.09,5.09,5.09,44141795
2020-06-24,5.1,5.13,5.09,5.12,5.12,68996693
2020-06-29,5.14,5.15,5.1,5.12,5.12,76714595
2020-06-30,5.12,5.14,5.11,5.13,5.13,59877310
2020-07-01,5.13,5.17,5.11,5.16,5.16,77573188
2020-07-02,5.18,5.28,5.16,5.27,5.27,155172968
2020-07-03,5.28,5.38,5.28,5.35,5.35,146708016
2020-07-06,5.38,5.72,5.37,5.67,5.67,396344864
2020-07-07,5.73,5.78,5.65,5.65,5.65,360083792
2020-07-08,5.64,5.73,5.62,5.66,5.66,261358007
2020-07-09,5.65,5.68,5.56,5.58,5.58,239070288
2020-07-10,5.57,5.6,5.4,5.42,5.42,238513624
2020-07-13,5.4,5.49,5.38,5.44,5.44,293929872
2020-07-14,5.14,5.15,5.02,5.03,5.03,276485920
2020-07-15,5.05,5.07,4.96,4.96,4.96,214909071
2020-07-16,4.97,5.01,4.91,4.91,4.91,218339449
2020-07-17,4.92,4.94,4.86,4.89,4.89,172749175
2020-07-20,4.89,4.99,4.87,4.96,4.96,195178929
2020-07-21,4.97,4.98,4.91,4.93,4.93,123115653
2020-07-22,4.93,4.98,4.91,4.91,4.91,178068841
2020-07-23,4.9,4.94,4.84,4.86,4.86,183975067
2020-07-24,4.86,4.86,4.76,4.77,4.77,223351773
2020-07-27,4.8,4.8,4.74,4.76,4.76,117590806
2020-07-28,4.78,4.79,4.74,4.76,4.76,107332293
2020-07-29,4.76,4.81,4.74,4.8,4.8,144513350
2020-07-30,4.79,4.83,4.77,4.77,4.77,129069834
2020-07-31,4.77,4.81,4.74,4.76,4.76,189338539
2020-08-03,4.77,4.79,4.75,4.77,4.77,197288575
2020-08-04,4.78,4.84,4.76,4.82,4.82,254207935
2020-08-05,4.81,4.82,4.77,4.78,4.78,140276427
2020-08-06,4.79,4.81,4.76,4.78,4.78,139909222
2020-08-07,4.78,4.78,4.75,4.76,4.76,120254975
2020-08-10,4.76,4.8,4.75,4.78,4.78,142110146
2020-08-11,4.78,4.81,4.76,4.77,4.77,212197486
2020-08-12,4.77,4.78,4.75,4.77,4.77,163725640
2020-08-13,4.78,4.78,4.76,4.76,4.76,81295864
2020-08-14,4.76,4.79,4.76,4.79,4.79,103371779
2020-08-17,4.79,4.89,4.78,4.86,4.86,322783360
2020-08-18,4.85,4.85,4.81,4.82,4.82,150016152
2020-08-19,4.82,4.83,4.79,4.79,4.79,103785890
2020-08-20,4.79,4.79,4.76,4.77,4.77,104757597
2020-08-21,4.78,4.79,4.76,4.77,4.77,89912428
2020-08-24,4.78,4.78,4.76,4.76,4.76,94398618
2020-08-25,4.77,4.78,4.76,4.77,4.77,55027394
2020-08-26,4.77,4.77,4.75,4.75,4.75,89305522
2020-08-27,4.76,4.76,4.74,4.75,4.75,78449843
2020-08-28,4.75,4.78,4.73,4.77,4.77,110836144
2020-08-31,4.76,4.78,4.73,4.73,4.73,158051142
2020-09-01,4.73,4.74,4.71,4.72,4.72,117105067
2020-09-02,4.72,4.73,4.67,4.69,4.69,145891963
2020-09-03,4.68,4.7,4.66,4.67,4.67,109104004
2020-09-04,4.65,4.66,4.64,4.65,4.65,92407044
2020-09-07,4.64,4.66,4.62,4.63,4.63,94870902
2020-09-08,4.63,4.66,4.62,4.65,4.65,99553789
2020-09-09,4.64,4.65,4.63,4.63,4.63,85335402
2020-09-10,4.64,4.65,4.6,4.62,4.62,109700335
2020-09-11,4.61,4.62,4.59,4.61,4.61,72069472
2020-09-14,4.62,4.63,4.61,4.62,4.62,72105148
2020-09-15,4.62,4.64,4.61,4.62,4.62,62412784
2020-09-16,4.63,4.65,4.61,4.65,4.65,85061332
2020-09-17,4.65,4.66,4.63,4.64,4.64,64260283
2020-09-18,4.66,4.68,4.64,4.68,4.68,129454991
2020-09-21,4.68,4.69,4.64,4.65,4.65,81878953
2020-09-22,4.64,4.67,4.61,4.61,4.61,88795832
2020-09-23,4.62,4.63,4.61,4.61,4.61,54309326
2020-09-24,4.61,4.61,4.56,4.57,4.57,90289424
2020-09-25,4.56,4.58,4.56,4.57,4.57,48649600
2020-09-28,4.57,4.59,4.56,4.58,4.58,58805222
2020-09-29,4.59,4.6,4.56,4.56,4.56,63437139
2020-09-30,4.57,4.59,4.53,4.54,4.54,73130309
2020-10-09,4.55,4.57,4.54,4.55,4.55,77841348
2020-10-12,4.55,4.61,4.55,4.6,4.6,134687096
2020-10-13,4.59,4.6,4.57,4.58,4.58,64200853
2020-10-14,4.58,4.59,4.55,4.56,4.56,66448882
2020-10-15,4.56,4.6,4.55,4.58,4.58,92267439
2020-10-16,4.58,4.63,4.57,4.61,4.61,136639490
2020-10-19,4.61,4.68,4.59,4.6,4.6,169462699
2020-10-20,4.59,4.6,4.56,4.57,4.57,89529951
2020-10-21,4.58,4.6,4.55,4.6,4.6,111346195
2020-10-22,4.59,4.62,4.57,4.59,4.59,100424935
2020-10-23,4.59,4.67,4.58,4.65,4.65,190847393
2020-10-26,4.65,4.69,4.61,4.63,4.63,184553790
2020-10-27,4.62,4.62,4.58,4.59,4.59,86229123
2020-10-28,4.58,4.59,4.55,4.58,4.58,92644014
2020-10-29,4.56,4.58,4.55,4.56,4.56,83056762
2020-10-30,4.57,4.58,4.52,4.53,4.53,80706584
2020-11-02,4.53,4.55,4.51,4.51,4.51,87623456
2020-11-03,4.53,4.57,4.52,4.54,4.54,92351487
2020-11-04,4.56,4.57,4.53,4.55,4.55,80418445
2020-11-05,4.57,4.59,4.55,4.57,4.57,72208099
2020-11-06,4.57,4.6,4.55,4.58,4.58,87423070
2020-11-09,4.59,4.62,4.59,4.6,4.6,126825664
2020-11-10,4.62,4.64,4.6,4.61,4.61,117540314
2020-11-11,4.61,4.65,4.6,4.64,4.64,100186157
2020-11-12,4.63,4.64,4.59,4.59,4.59,63543438
2020-11-13,4.58,4.59,4.54,4.55,4.55,107363964
2020-11-16,4.56,4.58,4.55,4.56,4.56,84595073
2020-11-17,4.56,4.6,4.55,4.59,4.59,113930400
2020-11-18,4.58,4.64,4.57,4.62,4.62,149566853
2020-11-19,4.62,4.64,4.59,4.61,4.61,79107273
2020-11-20,4.62,4.62,4.58,4.6,4.6,59113465
2020-11-23,4.6,4.65,4.59,4.64,4.64,127466200
2020-11-24,4.64,4.66,4.62,4.62,4.62,105994168
2020-11-25,4.64,4.66,4.61,4.61,4.61,100566839
2020-11-26,4.61,4.64,4.6,4.63,4.63,82098739
2020-11-27,4.64,4.75,4.62,4.75,4.75,270401968
2020-11-30,4.78,4.86,4.68,4.71,4.71,433266848
2020-12-01,4.69,4.79,4.67,4.78,4.78,233159388
2020-12-02,4.78,4.8,4.72,4.74,4.74,151189394
2020-12-03,4.75,4.76,4.71,4.73,4.73,121052634
2020-12-04,4.73,4.73,4.67,4.7,4.7,113514722
2020-12-07,4.69,4.7,4.63,4.65,4.65,131011327
2020-12-08,4.66,4.68,4.63,4.64,4.64,98382030
2020-12-09,4.64,4.68,4.62,4.62,4.62,102005109
2020-12-10,4.62,4.64,4.57,4.58,4.58,139102222
2020-12-11,4.58,4.58,4.52,4.55,4.55,254887909
2020-12-14,4.55,4.56,4.52,4.53,4.53,155454772
2020-12-15,4.53,4.54,4.5,4.51,4.51,176730196
2020-12-16,4.52,4.52,4.5,4.51,4.51,114854614
2020-12-17,4.51,4.53,4.49,4.52,4.52,116540309
2020-12-18,4.51,4.53,4.5,4.51,4.51,93811584
2020-12-21,4.51,4.52,4.49,4.52,4.52,89412205
2020-12-22,4.5,4.51,4.44,4.46,4.46,152060248
2020-12-23,4.45,4.46,4.44,4.45,4.45,74452249
2020-12-24,4.46,4.48,4.44,4.44,4.44,56868669
2020-12-25,4.45,4.46,4.43,4.45,4.45,56975979
2020-12-28,4.45,4.47,4.44,4.45,4.45,63117544
2020-12-29,4.45,4.47,4.45,4.46,4.46,61931965
2020-12-30,4.46,4.46,4.44,4.46,4.46,80389851
2020-12-31,4.45,4.5,4.45,4.48,4.48,111247863
2021-01-04,4.48,4.49,4.44,4.47,4.47,128046831
2021-01-05,4.46,4.49,4.44,4.48,4.48,124713674
2021-01-06,4.47,4.5,4.46,4.5,4.5,97904240
2021-01-07,4.5,4.51,4.46,4.5,4.5,104005758
2021-01-08,4.5,4.51,4.47,4.5,4.5,105458593
2021-01-11,4.5,4.52,4.47,4.48,4.48,129530712
2021-01-12,4.48,4.5,4.45,4.49,4.49,113189034
2021-01-13,4.49,4.51,4.46,4.5,4.5,120521718
2021-01-14,4.49,4.54,4.49,4.51,4.51,120514096
2021-01-15,4.52,4.59,4.52,4.54,4.54,248715364
2021-01-18,4.54,4.55,4.51,4.53,4.53,131026160
2021-01-19,4.53,4.61,4.51,4.6,4.6,247139811
2021-01-20,4.58,4.62,4.54,4.55,4.55,124083654
2021-01-21,4.54,4.57,4.53,4.54,4.54,102364894
2021-01-22,4.53,4.54,4.49,4.5,4.5,91658003
2021-01-25,4.5,4.5,4.46,4.48,4.48,93451666
2021-01-26,4.47,4.51,4.46,4.47,4.47,73834361
2021-01-27,4.48,4.52,4.46,4.48,4.48,88259060
2021-01-28,4.47,4.48,4.45,4.47,4.47,103055951
2021-01-29,4.46,4.5,4.45,4.46,4.46,89072687
2021-02-01,4.46,4.5,4.44,4.49,4.49,104075751
2021-02-02,4.49,4.52,4.47,4.48,4.48,116162280
2021-02-03,4.48,4.5,4.46,4.48,4.48,81469044
2021-02-04,4.48,4.5,4.46,4.47,4.47,94025083
2021-02-05,4.47,4.55,4.46,4.54,4.54,171316895
2021-02-08,4.53,4.54,4.5,4.51,4.51,110536684
2021-02-09,4.51,4.52,4.48,4.5,4.5,122013498
2021-02-10,4.5,4.56,4.5,4.53,4.53,122892037
2021-02-18,4.58,4.59,4.55,4.56,4.56,178892591
2021-02-19,4.57,4.61,4.55,4.6,4.6,154041929
2021-02-22,4.6,4.65,4.58,4.62,4.62,182870350
2021-02-23,4.62,4.65,4.6,4.6,4.6,135325915
2021-02-24,4.61,4.63,4.55,4.57,4.57,136892977
2021-02-25,4.58,4.64,4.57,4.62,4.62,175682707
2021-02-26,4.61,4.63,4.56,4.57,4.57,155076898
2021-03-01,4.57,4.59,4.56,4.57,4.57,84998042
2021-03-02,4.58,4.58,4.53,4.55,4.55,113166939
2021-03-03,4.54,4.63,4.54,4.62,4.62,168491525
2021-03-04,4.6,4.64,4.59,4.61,4.61,212184960
2021-03-05,4.61,4.65,4.57,4.64,4.64,213421900
2021-03-08,4.65,4.68,4.63,4.63,4.63,181406390
2021-03-09,4.65,4.68,4.62,4.64,4.64,187232200
2021-03-10,4.64,4.67,4.61,4.65,4.65,157048263
2021-03-11,4.66,4.7,4.64,4.66,4.66,145796953
2021-03-12,4.65,4.69,4.64,4.68,4.68,137452970
2021-03-15,4.68,4.75,4.68,4.73,4.73,147227090
2021-03-16,4.74,4.76,4.71,4.73,4.73,99763439
2021-03-17,4.73,4.74,4.67,4.69,4.69,98359303
2021-03-18,4.69,4.71,4.67,4.68,4.68,77491777
2021-03-19,4.68,4.68,4.61,4.63,4.63,136119137
2021-03-22,4.62,4.68,4.61,4.66,4.66,107104662
2021-03-23,4.67,4.7,4.65,4.68,4.68,82879410
2021-03-24,4.67,4.68,4.64,4.66,4.66,86172310
2021-03-25,4.67,4.68,4.62,4.63,4.63,79222944
2021-03-26,4.63,4.66,4.62,4.66,4.66,137663867
2021-03-29,4.7,4.87,4.7,4.84,4.84,452409664
2021-03-30,4.85,4.9,4.83,4.9,4.9,242370361
2021-03-31,4.9,4.97,4.86,4.95,4.95,240419219
2021-04-01,4.96,4.98,4.89,4.92,4.92,136537428
2021-04-02,4.92,4.92,4.83,4.85,4.85,142693583
2021-04-06,4.87,4.89,4.85,4.87,4.87,90936263
2021-04-07,4.87,4.94,4.85,4.93,4.93,132773118
2021-04-08,4.93,4.94,4.91,4.93,4.93,80905292
2021-04-09,4.93,4.93,4.88,4.91,4.91,80437778
2021-04-12,4.91,4.95,4.9,4.94,4.94,108420227
2021-04-13,4.94,4.96,4.88,4.9,4.9,109871053
2021-04-14,4.91,4.91,4.85,4.86,4.86,104537160
2021-04-15,4.86,4.87,4.82,4.86,4.86,84674320
2021-04-16,4.86,4.9,4.85,4.89,4.89,67894215
2021-04-19,4.9,4.93,4.89,4.9,4.9,96319809
2021-04-20,4.9,4.92,4.89,4.92,4.92,78780882
2021-04-21,4.91,4.94,4.9,4.92,4.92,89624638
2021-04-22,4.93,4.93,4.88,4.89,4.89,79573510
2021-04-23,4.9,4.93,4.89,4.93,4.93,99606307
2021-04-26,4.93,4.94,4.87,4.87,4.87,100313001
2021-04-27,4.87,4.89,4.85,4.86,4.86,61843149
2021-04-28,4.88,4.88,4.82,4.84,4.84,81774178
2021-04-29,4.84,4.91,4.83,4.9,4.9,98400446
2021-04-30,4.9,4.91,4.78,4.81,4.81,170451284
2021-05-06,4.81,4.87,4.81,4.84,4.84,115853928
2021-05-07,4.84,4.95,4.83,4.93,4.93,191326257
2021-05-10,4.94,4.95,4.9,4.94,4.94,100020349
2021-05-11,4.92,4.95,4.91,4.95,4.95,86523280
2021-05-12,4.93,4.97,4.92,4.94,4.94,101418459
2021-05-13,4.93,4.94,4.91,4.93,4.93,77165364
2021-05-14,4.93,4.96,4.91,4.95,4.95,96871763
2021-05-17,4.95,4.98,4.92,4.94,4.94,98376628
2021-05-18,4.95,4.96,4.94,4.95,4.95,57652122
2021-05-19,4.95,4.95,4.91,4.91,4.91,82472630
2021-05-20,4.92,4.93,4.89,4.91,4.91,77375974
2021-05-21,4.91,4.92,4.87,4.87,4.87,78343138
2021-05-24,4.87,4.9,4.86,4.87,4.87,83065392
2021-05-25,4.88,4.94,4.87,4.92,4.92,137451306
2021-05-26,4.93,4.94,4.91,4.94,4.94,95617372
2021-05-27,4.93,4.95,4.91,4.91,4.91,87376016
2021-05-28,4.93,4.93,4.9,4.93,4.93,99587003
2021-05-31,4.93,4.93,4.88,4.9,4.9,101664260
2021-06-01,4.89,4.9,4.85,4.87,4.87,108706902
2021-06-02,4.86,4.88,4.85,4.88,4.88,109891543
2021-06-03,4.88,4.91,4.87,4.89,4.89,74848196
2021-06-04,4.89,4.92,4.88,4.91,4.91,93958831
2021-06-07,4.91,4.92,4.89,4.9,4.9,59733254
2021-06-08,4.9,4.91,4.88,4.91,4.91,69352240
2021-06-09,4.9,4.91,4.89,4.89,4.89,50020859
2021-06-10,4.89,4.91,4.88,4.88,4.88,77226836
2021-06-11,4.89,4.89,4.87,4.88,4.88,98637597
2021-06-15,4.88,4.88,4.83,4.83,4.83,103053991
2021-06-16,4.83,4.87,4.82,4.84,4.84,60731313
2021-06-17,4.84,4.86,4.83,4.83,4.83,59473350
2021-06-18,4.83,4.84,4.82,4.84,4.84,58446795
2021-06-21,4.83,4.84,4.81,4.83,4.83,59761819
2021-06-22,4.83,4.86,4.83,4.85,4.85,72189312
2021-06-23,4.85,4.86,4.84,4.86,4.86,43847547
2021-06-24,4.86,4.88,4.85,4.88,4.88,74034623
2021-06-25,4.88,4.91,4.88,4.91,4.91,75733862
2021-06-28,4.91,4.91,4.88,4.89,4.89,55376208
2021-06-29,4.89,4.9,4.87,4.88,4.88,59766944
2021-06-30,4.87,4.91,4.87,4.9,4.9,66173238
2021-07-01,4.91,4.92,4.89,4.9,4.9,68679129
2021-07-02,4.89,4.91,4.88,4.9,4.9,102692102
2021-07-05,4.89,4.9,4.86,4.88,4.88,80598488
2021-07-06,4.88,4.92,4.87,4.91,4.91,112363014
2021-07-07,4.91,4.93,4.88,4.89,4.89,104822049
2021-07-08,4.9,4.91,4.85,4.85,4.85,135336827
2021-07-09,4.85,4.89,4.85,4.85,4.85,112443889
2021-07-12,4.88,4.89,4.82,4.82,4.82,190392700
2021-07-13,4.53,4.54,4.47,4.47,4.47,171104196
2021-07-14,4.48,4.48,4.41,4.41,4.41,135403050
2021-07-15,4.42,4.47,4.41,4.46,4.46,87658058
2021-07-16,4.45,4.46,4.43,4.45,4.45,68785965
2021-07-19,4.45,4.46,4.42,4.45,4.45,72716379
2021-07-20,4.45,4.45,4.4,4.41,4.41,85579080
2021-07-21,4.42,4.43,4.4,4.41,4.41,60353798
2021-07-22,4.41,4.43,4.4,4.41,4.41,63019034
2021-07-23,4.42,4.43,4.4,4.41,4.41,53649546
2021-07-26,4.41,4.42,4.35,4.35,4.35,111607177
2021-07-27,4.36,4.38,4.31,4.33,4.33,94660859
2021-07-28,4.33,4.36,4.32,4.33,4.33,90641316
2021-07-29,4.34,4.34,4.29,4.3,4.3,72912097
2021-07-30,4.3,4.3,4.27,4.28,4.28,62991459
2021-08-02,4.28,4.34,4.25,4.32,4.32,91755740
2021-08-03,4.32,4.33,4.28,4.3,4.3,63645486
2021-08-04,4.3,4.31,4.28,4.3,4.3,51501320
2021-08-05,4.3,4.32,4.28,4.31,4.31,52595942
2021-08-06,4.3,4.31,4.28,4.3,4.3,49060082
2021-08-09,4.3,4.35,4.29,4.32,4.32,69944052
2021-08-10,4.33,4.36,4.3,4.35,4.35,64462888
2021-08-11,4.34,4.4,4.34,4.38,4.38,78134970
2021-08-12,4.38,4.39,4.36,4.36,4.36,39650746
2021-08-13,4.36,4.38,4.35,4.36,4.36,40371288
2021-08-16,4.37,4.4,4.36,4.39,4.39,58678554
2021-08-17,4.39,4.4,4.35,4.36,4.36,99658110
2021-08-18,4.36,4.42,4.35,4.41,4.41,82093570
2021-08-19,4.4,4.41,4.36,4.38,4.38,82842595
2021-08-20,4.39,4.4,4.36,4.38,4.38,55798661
2021-08-23,4.38,4.39,4.35,4.36,4.36,76127921
2021-08-24,4.36,4.39,4.36,4.36,4.36,64748310
2021-08-25,4.37,4.38,4.35,4.37,4.37,60125838
2021-08-26,4.36,4.38,4.36,4.36,4.36,53929091
2021-08-27,4.36,4.38,4.36,4.36,4.36,58573791
2021-08-30,4.37,4.39,4.36,4.38,4.38,81928825
2021-08-31,4.38,4.42,4.37,4.42,4.42,116613391
2021-09-01,4.42,4.48,4.4,4.47,4.47,139374364
2021-09-02,4.46,4.48,4.45,4.47,4.47,80027657
2021-09-03,4.47,4.49,4.45,4.48,4.48,138724470
2021-09-06,4.48,4.54,4.47,4.51,4.51,129463729
2021-09-07,4.52,4.55,4.5,4.53,4.53,112654702
2021-09-08,4.53,4.57,4.52,4.56,4.56,106043965
2021-09-09,4.56,4.58,4.51,4.56,4.56,104779344
2021-09-10,4.56,4.64,4.55,4.58,4.58,165002825
2021-09-13,4.58,4.62,4.56,4.61,4.61,115998871
2021-09-14,4.63,4.63,4.52,4.54,4.54,136512191
2021-09-15,4.53,4.55,4.52,4.54,4.54,75192520
2021-09-16,4.54,4.56,4.51,4.51,4.51,87664714
2021-09-17,4.51,4.53,4.5,4.5,4.5,70343526
2021-09-22,4.45,4.47,4.43,4.45,4.45,93806732
2021-09-23,4.46,4.53,4.46,4.5,4.5,86934001
2021-09-24,4.5,4.53,4.46,4.48,4.48,80430935
2021-09-27,4.47,4.49,4.45,4.46,4.46,81788045
2021-09-28,4.46,4.51,4.45,4.49,4.49,85878423
2021-09-29,4.47,4.52,4.46,4.49,4.49,91151490
2021-09-30,4.5,4.5,4.47,4.5,4.5,70999431
2021-10-08,4.53,4.56,4.52,4.55,4.55,107956780
2021-10-11,4.56,4.6,4.56,4.57,4.57,94070272
2021-10-12,4.56,4.59,4.54,4.57,4.57,93960770
2021-10-13,4.57,4.58,4.54,4.56,4.56,58854188
2021-10-14,4.57,4.57,4.53,4.54,4.54,48962865
2021-10-15,4.55,4.55,4.53,4.55,4.55,65136361
2021-10-18,4.55,4.55,4.51,4.52,4.52,75493164
2021-10-19,4.52,4.54,4.51,4.53,4.53,66780266
2021-10-20,4.54,4.55,4.51,4.52,4.52,53441257
2021-10-21,4.53,4.56,4.52,4.56,4.56,86051669
2021-10-22,4.55,4.58,4.54,4.55,4.55,64578224
2021-10-25,4.54,4.57,4.53,4.56,4.56,71852458
2021-10-26,4.57,4.58,4.53,4.54,4.54,57799084
2021-10-27,4.55,4.56,4.5,4.52,4.52,78231871
2021-10-28,4.51,4.53,4.5,4.51,4.51,63126143
2021-10-29,4.52,4.52,4.49,4.52,4.52,63569066
2021-11-01,4.56,4.71,4.55,4.69,4.69,330865248
2021-11-02,4.7,4.71,4.55,4.56,4.56,230982137
2021-11-03,4.57,4.59,4.55,4.57,4.57,117730561
2021-11-04,4.58,4.62,4.57,4.6,4.6,97493346
2021-11-05,4.6,4.62,4.59,4.62,4.62,75514141
2021-11-08,4.62,4.66,4.59,4.63,4.63,86042551
2021-11-09,4.64,4.65,4.62,4.63,4.63,53892112
2021-11-10,4.63,4.64,4.58,4.59,4.59,82453206
2021-11-11,4.6,4.67,4.59,4.66,4.66,91681819
2021-11-12,4.65,4.67,4.62,4.63,4.63,58946468
2021-11-15,4.63,4.66,4.62,4.66,4.66,54791695
2021-11-16,4.65,4.67,4.63,4.65,4.65,48616757
2021-11-17,4.64,4.66,4.62,4.63,4.63,53983466
2021-11-18,4.62,4.63,4.6,4.61,4.61,50006262
2021-11-19,4.6,4.66,4.6,4.65,4.65,71814438
2021-11-22,4.65,4.66,4.62,4.63,4.63,53068976
2021-11-23,4.63,4.65,4.62,4.64,4.64,44532270
2021-11-24,4.63,4.64,4.61,4.63,4.63,39740406
2021-11-25,4.63,4.63,4.6,4.62,4.62,38399634
2021-11-26,4.61,4.62,4.59,4.59,4.59,48457698
2021-11-29,4.57,4.59,4.57,4.58,4.58,56660820
2021-11-30,4.58,4.6,4.57,4.57,4.57,77750897
2021-12-01,4.57,4.61,4.56,4.6,4.6,67477702
2021-12-02,4.58,4.63,4.58,4.61,4.61,81551758
2021-12-03,4.61,4.62,4.59,4.62,4.62,63789618
2021-12-06,4.62,4.64,4.6,4.62,4.62,104384650
2021-12-07,4.64,4.66,4.62,4.64,4.64,99009540
2021-12-08,4.65,4.65,4.6,4.61,4.61,119956087
2021-12-09,4.61,4.65,4.6,4.63,4.63,117056946
2021-12-10,4.62,4.64,4.59,4.61,4.61,150927486
2021-12-13,4.6,4.62,4.57,4.57,4.57,137719516
2021-12-14,4.57,4.58,4.53,4.54,4.54,141721500
2021-12-15,4.54,4.55,4.52,4.52,4.52,89164422
2021-12-16,4.53,4.55,4.52,4.54,4.54,69456908
2021-12-17,4.54,4.55,4.53,4.53,4.53,65960604
2021-12-20,4.53,4.55,4.52,4.53,4.53,65966990
2021-12-21,4.53,4.57,4.53,4.55,4.55,62139032
2021-12-22,4.56,4.57,4.53,4.54,4.54,70889907
2021-12-23,4.55,4.56,4.54,4.55,4.55,48453201
2021-12-24,4.55,4.57,4.53,4.55,4.55,77159888
2021-12-27,4.55,4.57,4.55,4.57,4.57,60825938
2021-12-28,4.56,4.67,4.56,4.58,4.58,105300374
2021-12-29,4.59,4.61,4.58,4.59,4.59,62524153
2021-12-30,4.6,4.62,4.59,4.6,4.6,75539623
2021-12-31,4.6,4.63,4.6,4.61,4.61,60191401
2022-01-04,4.61,4.63,4.59,4.62,4.62,107617582
2022-01-05,4.62,4.67,4.61,4.66,4.66,172849570
2022-01-06,4.66,4.67,4.63,4.65,4.65,128012293
2022-01-07,4.65,4.75,4.65,4.73,4.73,184742690
2022-01-10,4.73,4.77,4.71,4.75,4.75,107768717
2022-01-11,4.75,4.79,4.72,4.78,4.78,108963553
2022-01-12,4.78,4.79,4.72,4.76,4.76,124460026
2022-01-13,4.75,4.85,4.74,4.81,4.81,162208126
2022-01-14,4.8,4.82,4.71,4.73,4.73,150381570
2022-01-17,4.72,4.75,4.68,4.7,4.7,97420220
2022-01-18,4.71,4.8,4.7,4.8,4.8,135195449
2022-01-19,4.8,4.81,4.77,4.8,4.8,86867322
2022-01-20,4.8,4.84,4.79,4.83,4.83,132044535
2022-01-21,4.83,4.84,4.76,4.81,4.81,91374395
2022-01-24,4.81,4.82,4.75,4.78,4.78,116102282
2022-01-25,4.76,4.81,4.74,4.74,4.74,96310089
2022-01-26,4.74,4.83,4.74,4.82,4.82,129128026
2022-01-27,4.81,4.83,4.77,4.79,4.79,99887005
2022-01-28,4.79,4.82,4.72,4.74,4.74,101698859
2022-02-07,4.79,4.89,4.78,4.87,4.87,181215422
2022-02-08,4.87,4.95,4.86,4.94,4.94,175305386
2022-02-09,4.94,4.99,4.91,4.92,4.92,151887615
2022-02-10,4.92,4.99,4.91,4.98,4.98,146446163
2022-02-11,4.99,5.01,4.97,5.01,5.01,140787418
2022-02-14,5.01,5.02,4.91,4.92,4.92,145047069
2022-02-15,4.92,4.94,4.87,4.88,4.88,109591349
2022-02-16,4.91,4.95,4.89,4.94,4.94,73245744
2022-02-17,4.94,4.97,4.91,4.93,4.93,69387826
2022-02-18,4.92,4.99,4.9,4.99,4.99,101747906
2022-02-21,4.98,4.98,4.93,4.97,4.97,77932432
2022-02-22,4.95,4.96,4.92,4.95,4.95,78041008
2022-02-23,4.95,4.96,4.91,4.91,4.91,74704722
2022-02-24,4.91,4.92,4.82,4.83,4.83,150950272
2022-02-25,4.84,4.87,4.78,4.8,4.8,134762822
2022-02-28,4.8,4.82,4.76,4.78,4.78,82072518
2022-03-01,4.8,4.87,4.79,4.86,4.86,87287158
2022-03-02,4.84,4.9,4.83,4.88,4.88,87510407
2022-03-03,4.88,4.94,4.88,4.91,4.91,87330680
2022-03-04,4.9,4.91,4.85,4.9,4.9,87824025
2022-03-07,4.88,4.89,4.79,4.82,4.82,127303189
2022-03-08,4.81,4.83,4.75,4.75,4.75,121858406
2022-03-09,4.75,4.8,4.6,4.7,4.7,168271146
2022-03-10,4.76,4.77,4.72,4.72,4.72,83143238
2022-03-11,4.71,4.83,4.67,4.81,4.81,107998584
2022-03-14,4.79,4.86,4.78,4.79,4.79,124787423
2022-03-15,4.78,4.8,4.6,4.6,4.6,190498470
2022-03-16,4.65,4.81,4.61,4.78,4.78,211717320
2022-03-17,4.81,4.82,4.72,4.73,4.73,175268709
2022-03-18,4.73,4.9,4.7,4.89,4.89,240293163
2022-03-21,4.88,4.92,4.83,4.86,4.86,117075336
2022-03-22,4.85,4.92,4.84,4.9,4.9,125376299
2022-03-23,4.9,4.91,4.85,4.89,4.89,92230783
2022-03-24,4.87,4.89,4.85,4.86,4.86,71907360
2022-03-25,4.85,4.94,4.83,4.91,4.91,133996304
2022-03-28,4.92,5.0,4.87,4.97,4.97,224211140
2022-03-29,4.96,5.02,4.96,5.01,5.01,156818498
2022-03-30,5.03,5.05,5.0,5.04,5.04,124951186
2022-03-31,5.03,5.13,5.02,5.11,5.11,150350167
2022-04-01,5.09,5.13,5.07,5.12,5.12,138103324
2022-04-06,5.1,5.18,5.09,5.17,5.17,152986861
2022-04-07,5.15,5.19,5.1,5.13,5.13,141537708
2022-04-08,5.13,5.18,5.13,5.17,5.17,100858638
2022-04-11,5.16,5.18,5.13,5.15,5.15,143306139
2022-04-12,5.15,5.2,5.12,5.17,5.17,135479277
2022-04-13,5.17,5.22,5.15,5.18,5.18,123811263
2022-04-14,5.18,5.21,5.15,5.15,5.15,90215775
2022-04-15,5.15,5.18,5.13,5.15,5.15,82809193
2022-04-18,5.15,5.16,5.06,5.07,5.07,127293526
2022-04-19,5.07,5.15,5.06,5.15,5.15,89397445
2022-04-20,5.16,5.17,5.07,5.1,5.1,82642390
2022-04-21,5.08,5.17,5.07,5.09,5.09,126456085
2022-04-22,5.08,5.19,5.07,5.18,5.18,139900057
2022-04-25,5.14,5.17,5.05,5.05,5.05,179085835
2022-04-26,5.06,5.12,5.03,5.04,5.04,159390996
2022-04-27,5.03,5.07,4.97,5.05,5.05,200106809
2022-04-28,5.04,5.09,5.03,5.08,5.08,136015507
2022-04-29,5.08,5.12,5.03,5.08,5.08,144727709
2022-05-05,5.08,5.11,4.98,4.99,4.99,207939541
2022-05-06,4.98,4.99,4.87,4.88,4.88,165817295
2022-05-09,4.88,4.9,4.83,4.87,4.87,75781638
2022-05-10,4.86,4.94,4.83,4.91,4.91,123662347
2022-05-11,4.91,4.92,4.89,4.91,4.91,85006048
2022-05-12,4.9,4.91,4.87,4.87,4.87,82470774
2022-05-13,4.9,4.95,4.89,4.94,4.94,73393957
2022-05-16,4.95,4.99,4.9,4.97,4.97,99375303
2022-05-17,4.97,4.99,4.91,4.94,4.94,95045841
2022-05-18,4.94,4.95,4.89,4.89,4.89,96634305
2022-05-19,4.88,4.91,4.87,4.9,4.9,75434967
2022-05-20,4.91,4.95,4.89,4.93,4.93,87498980
2022-05-23,4.94,4.96,4.92,4.94,4.94,75432555
2022-05-24,4.94,4.96,4.92,4.92,4.92,78929652
2022-05-25,4.93,4.95,4.92,4.92,4.92,79896798
2022-05-26,4.93,4.95,4.92,4.94,4.94,77674398
2022-05-27,4.95,4.98,4.94,4.97,4.97,71104071
2022-05-30,4.98,4.98,4.9,4.91,4.91,127595237
2022-05-31,4.9,4.93,4.89,4.91,4.91,100906309
2022-06-01,4.92,4.93,4.9,4.92,4.92,60025199
2022-06-02,4.92,4.93,4.91,4.92,4.92,54435434
2022-06-06,4.92,4.93,4.88,4.89,4.89,107439397
2022-06-07,4.89,4.91,4.88,4.9,4.9,77084249
2022-06-08,4.91,4.92,4.89,4.91,4.91,85996964
2022-06-09,4.91,4.94,4.9,4.94,4.94,118233450
2022-06-10,4.93,5.01,4.92,5.01,5.01,170194639
2022-06-13,4.99,5.0,4.9,4.91,4.91,152112247
2022-06-14,4.91,4.98,4.9,4.98,4.98,141033493
2022-06-15,4.98,5.06,4.96,5.0,5.0,152822430
2022-06-16,5.01,5.02,4.95,4.96,4.96,114848041
2022-06-17,4.96,4.99,4.95,4.97,4.97,105040130
2022-06-20,4.97,4.98,4.95,4.95,4.95,75031972
2022-06-21,4.96,5.01,4.95,5.0,5.0,99429283
2022-06-22,4.99,5.01,4.96,4.97,4.97,84986777
2022-06-23,4.98,4.99,4.96,4.97,4.97,84142459
2022-06-24,4.97,4.98,4.94,4.95,4.95,111104359
2022-06-27,4.95,4.98,4.95,4.96,4.96,76917205
2022-06-28,4.96,4.98,4.95,4.97,4.97,83961546
2022-06-29,4.97,4.99,4.96,4.99,4.99,97647814
2022-06-30,4.98,5.0,4.97,4.98,4.98,86825842
2022-07-01,4.98,5.0,4.97,4.99,4.99,55939587
2022-07-04,4.99,5.0,4.97,4.97,4.97,90074733
2022-07-05,4.98,5.0,4.97,4.98,4.98,90084410
2022-07-06,4.99,5.0,4.96,4.97,4.97,117263379
2022-07-07,4.98,4.98,4.96,4.96,4.96,90320172
2022-07-08,4.97,4.99,4.96,4.98,4.98,115632821
2022-07-11,4.99,5.0,4.98,4.99,4.99,182581737
2022-07-12,4.65,4.68,4.64,4.64,4.64,219488866
2022-07-13,4.64,4.64,4.58,4.58,4.58,141568341
2022-07-14,4.57,4.58,4.5,4.51,4.51,135463924
2022-07-15,4.51,4.54,4.51,4.51,4.51,118471611
2022-07-18,4.52,4.55,4.52,4.54,4.54,64026101
2022-07-19,4.54,4.58,4.53,4.57,4.57,62061624
2022-07-20,4.58,4.61,4.57,4.6,4.6,61410538
2022-07-21,4.61,4.62,4.58,4.59,4.59,60808470
2022-07-22,4.59,4.65,4.59,4.63,4.63,81080599
2022-07-25,4.64,4.66,4.62,4.65,4.65,57325210
2022-07-26,4.65,4.68,4.64,4.67,4.67,61316073
2022-07-27,4.67,4.68,4.64,4.65,4.65,54955534
2022-07-28,4.66,4.67,4.62,4.64,4.64,86859892
2022-07-29,4.65,4.66,4.62,4.62,4.62,49807372
2022-08-01,4.62,4.63,4.59,4.59,4.59,64391626
2022-08-02,4.58,4.59,4.55,4.57,4.57,78185632
2022-08-03,4.57,4.59,4.55,4.55,4.55,60815069
2022-08-04,4.56,4.59,4.55,4.57,4.57,51375729
2022-08-05,4.58,4.61,4.56,4.6,4.6,56130540
2022-08-08,4.6,4.62,4.58,4.58,4.58,39021120
2022-08-09,4.58,4.59,4.57,4.57,4.57,39498435
2022-08-10,4.58,4.59,4.56,4.57,4.57,36323383
2022-08-11,4.58,4.61,4.57,4.6,4.6,43781523
2022-08-12,4.6,4.61,4.59,4.6,4.6,36804325
2022-08-15,4.6,4.61,4.58,4.58,4.58,55126475
2022-08-16,4.58,4.6,4.58,4.58,4.58,32929502
2022-08-17,4.59,4.61,4.57,4.6,4.6,42688709
2022-08-18,4.6,4.6,4.57,4.57,4.57,38325174
2022-08-19,4.57,4.59,4.57,4.57,4.57,33893937
2022-08-22,4.57,4.59,4.57,4.58,4.58,36250786
2022-08-23,4.58,4.58,4.56,4.56,4.56,51174427
2022-08-24,4.56,4.58,4.56,4.56,4.56,41484832
2022-08-25,4.57,4.58,4.56,4.58,4.58,40140701
2022-08-26,4.58,4.59,4.57,4.58,4.58,36708579
2022-08-29,4.58,4.58,4.56,4.56,4.56,46319483
2022-08-30,4.56,4.58,4.55,4.56,4.56,59370994
2022-08-31,4.56,4.59,4.55,4.58,4.58,69839558
2022-09-01,4.57,4.6,4.57,4.57,4.57,58132634
2022-09-02,4.58,4.59,4.57,4.58,4.58,49849088
2022-09-05,4.58,4.6,4.57,4.6,4.6,54361958
2022-09-06,4.6,4.62,4.59,4.6,4.6,61351502
2022-09-07,4.61,4.61,4.59,4.59,4.59,37890261
2022-09-08,4.6,4.62,4.59,4.61,4.61,53891487
2022-09-09,4.62,4.66,4.61,4.65,4.65,88795589
2022-09-13,4.66,4.67,4.63,4.64,4.64,69124992
2022-09-14,4.63,4.65,4.62,4.63,4.63,46190412
2022-09-15,4.64,4.68,4.63,4.65,4.65,82208532
2022-09-16,4.65,4.65,4.6,4.6,4.6,87071201
2022-09-19,4.61,4.65,4.6,4.65,4.65,68854650
2022-09-20,4.65,4.65,4.63,4.65,4.65,59081421
2022-09-21,4.64,4.65,4.63,4.63,4.63,39080308
2022-09-22,4.63,4.65,4.61,4.65,4.65,55074980
2022-09-23,4.64,4.66,4.63,4.65,4.65,63997250
2022-09-26,4.64,4.66,4.6,4.6,4.6,80594449
2022-09-27,4.6,4.62,4.57,4.59,4.59,62229218
2022-09-28,4.59,4.62,4.57,4.62,4.62,72321177
2022-09-29,4.62,4.63,4.58,4.58,4.58,59308382
2022-09-30,4.6,4.63,4.59,4.62,4.62,69900942
2022-10-10,4.62,4.64,4.61,4.61,4.61,71222839
2022-10-11,4.63,4.64,4.61,4.61,4.61,55821662
2022-10-12,4.61,4.63,4.6,4.61,4.61,45760322
2022-10-13,4.61,4.63,4.6,4.61,4.61,50553340
2022-10-14,4.62,4.63,4.61,4.61,4.61,46840757
2022-10-17,4.61,4.62,4.6,4.6,4.6,48582993
2022-10-18,4.61,4.62,4.6,4.6,4.6,38686748
2022-10-19,4.6,4.61,4.59,4.59,4.59,36451455
2022-10-20,4.59,4.61,4.58,4.59,4.59,48376412
2022-10-21,4.59,4.61,4.58,4.59,4.59,47617205
2022-10-24,4.59,4.6,4.56,4.56,4.56,83390654
2022-10-25,4.57,4.58,4.52,4.56,4.56,100291474
2022-10-26,4.55,4.56,4.51,4.51,4.51,97851276
2022-10-27,4.51,4.52,4.47,4.47,4.47,120407779
2022-10-28,4.47,4.51,4.46,4.48,4.48,82457396
2022-10-31,4.47,4.48,4.44,4.45,4.45,92630172
2022-11-01,4.46,4.5,4.45,4.48,4.48,89162044
2022-11-02,4.48,4.5,4.44,4.49,4.49,61231576
2022-11-03,4.49,4.49,4.46,4.47,4.47,44047804
2022-11-04,4.47,4.53,4.46,4.53,4.53,64137977
2022-11-07,4.52,4.53,4.5,4.51,4.51,61648729
2022-11-08,4.52,4.53,4.51,4.53,4.53,31175034
2022-11-09,4.53,4.55,4.52,4.54,4.54,30471353
2022-11-10,4.53,4.54,4.51,4.53,4.53,31409018
2022-11-11,4.54,4.6,4.54,4.58,4.58,90649956
2022-11-14,4.59,4.62,4.58,4.6,4.6,89772760
2022-11-15,4.59,4.62,4.58,4.61,4.61,64517282
2022-11-16,4.6,4.61,4.58,4.59,4.59,38846096
2022-11-17,4.58,4.6,4.58,4.6,4.6,35708444
2022-11-18,4.6,4.61,4.57,4.57,4.57,53772402
2022-11-21,4.57,4.59,4.55,4.57,4.57,46851993
2022-11-22,4.57,4.64,4.57,4.63,4.63,102155898
2022-11-23,4.64,4.69,4.64,4.66,4.66,118078112
2022-11-24,4.67,4.68,4.64,4.65,4.65,57889049
2022-11-25,4.66,4.74,4.65,4.72,4.72,145610571
2022-11-28,4.69,4.72,4.64,4.72,4.72,108941442
2022-11-29,4.71,4.77,4.7,4.76,4.76,132589159
2022-11-30,4.76,4.77,4.72,4.72,4.72,114501029
2022-12-01,4.77,4.78,4.71,4.71,4.71,108169598
2022-12-02,4.71,4.73,4.68,4.69,4.69,82708385
2022-12-05,4.71,4.76,4.7,4.75,4.75,107515660
2022-12-06,4.75,4.78,4.73,4.76,4.76,71798721
2022-12-07,4.76,4.79,4.74,4.75,4.75,97272918
2022-12-08,4.75,4.78,4.74,4.78,4.78,74453157
2022-12-09,4.77,4.79,4.75,4.76,4.76,79725263
2022-12-12,4.76,4.77,4.72,4.72,4.72,69646690
2022-12-13,4.72,4.76,4.72,4.74,4.74,55788437
2022-12-14,4.75,4.77,4.72,4.75,4.75,61958090
2022-12-15,4.75,4.75,4.71,4.71,4.71,51981849
2022-12-16,4.71,4.77,4.71,4.77,4.77,85784480
2022-12-19,4.76,4.79,4.7,4.7,4.7,87694898
2022-12-20,4.7,4.73,4.66,4.66,4.66,79381876
2022-12-21,4.68,4.7,4.66,4.66,4.66,50045360
2022-12-22,4.69,4.72,4.66,4.69,4.69,54147106
2022-12-23,4.68,4.71,4.67,4.68,4.68,45875350
2022-12-26,4.68,4.69,4.64,4.65,4.65,62213727
2022-12-27,4.66,4.73,4.66,4.71,4.71,57010955
2022-12-28,4.71,4.75,4.7,4.75,4.75,56385400
2022-12-29,4.74,4.76,4.7,4.71,4.71,76381988
2022-12-30,4.73,4.76,4.72,4.74,4.74,79220024
2023-01-03,4.74,4.76,4.71,4.74,4.74,87968007
2023-01-04,4.75,4.81,4.73,4.8,4.8,116391937
2023-01-05,4.82,4.83,4.8,4.81,4.81,79536096
2023-01-06,4.81,4.83,4.79,4.81,4.81,57674895
2023-01-09,4.82,4.83,4.81,4.81,4.81,47331036
2023-01-10,4.81,4.82,4.78,4.79,4.79,50574297
2023-01-11,4.79,4.84,4.78,4.83,4.83,70426733
2023-01-12,4.84,4.84,4.8,4.83,4.83,58754933
2023-01-13,4.83,4.87,4.82,4.87,4.87,67012171
2023-01-16,4.87,4.88,4.83,4.84,4.84,103773586
2023-01-17,4.84,4.87,4.83,4.86,4.86,69812882
2023-01-18,4.86,4.88,4.85,4.87,4.87,55544361
2023-01-19,4.87,4.88,4.85,4.88,4.88,41857235
2023-01-20,4.88,4.89,4.86,4.87,4.87,46845773
2023-01-30,4.9,4.92,4.87,4.88,4.88,90078641
2023-01-31,4.89,4.91,4.85,4.85,4.85,79753233
2023-02-01,4.86,4.87,4.85,4.86,4.86,59558606
2023-02-02,4.87,4.88,4.84,4.85,4.85,86389923
2023-02-03,4.84,4.85,4.82,4.84,4.84,73558532
2023-02-06,4.83,4.84,4.81,4.84,4.84,72768864
2023-02-07,4.84,4.85,4.83,4.85,4.85,56592532
2023-02-08,4.85,4.87,4.84,4.87,4.87,55433937
2023-02-09,4.87,4.89,4.86,4.88,4.88,56919265
2023-02-10,4.88,4.9,4.86,4.9,4.9,55087262
2023-02-13,4.89,4.9,4.85,4.88,4.88,81385238
2023-02-14,4.88,4.89,4.86,4.87,4.87,37485156
2023-02-15,4.87,4.88,4.86,4.86,4.86,30744214
2023-02-16,4.86,4.89,4.85,4.85,4.85,61600405
2023-02-17,4.86,4.88,4.85,4.85,4.85,64303277
2023-02-20,4.87,4.92,4.85,4.92,4.92,108209122
2023-02-21,4.91,4.92,4.88,4.9,4.9,58170680
2023-02-22,4.9,4.91,4.88,4.88,4.88,56473273
2023-02-23,4.88,4.9,4.87,4.88,4.88,47836155
2023-02-24,4.89,4.89,4.87,4.88,4.88,45065429
2023-02-27,4.88,4.89,4.86,4.86,4.86,55652213
2023-02-28,4.87,4.9,4.86,4.9,4.9,61767784
2023-03-01,4.9,4.92,4.89,4.92,4.92,82585942
2023-03-02,4.92,4.97,4.91,4.95,4.95,77782469
2023-03-03,4.96,5.01,4.94,5.0,5.0,102830786
2023-03-06,5.01,5.03,4.99,5.01,5.01,113426497
2023-03-07,5.01,5.15,5.0,5.06,5.06,192829873
2023-03-08,5.04,5.1,5.02,5.09,5.09,97715074
2023-03-09,5.08,5.12,5.06,5.06,5.06,87838316
2023-03-10,5.05,5.08,4.99,4.99,4.99,114741861
2023-03-13,4.97,5.05,4.97,5.05,5.05,84636271
2023-03-14,5.03,5.07,5.02,5.06,5.06,73809800
2023-03-15,5.08,5.11,5.07,5.1,5.1,67059545
2023-03-16,5.08,5.15,5.08,5.1,5.1,104952233
2023-03-17,5.12,5.17,5.1,5.13,5.13,115249829
2023-03-20,5.14,5.23,5.14,5.18,5.18,169568620
2023-03-21,5.18,5.21,5.09,5.1,5.1,105672053
2023-03-22,5.12,5.16,5.11,5.15,5.15,80909533
2023-03-23,5.14,5.18,5.12,5.17,5.17,58486775
2023-03-24,5.16,5.17,5.1,5.11,5.11,81958309
2023-03-27,5.11,5.13,5.07,5.09,5.09,87153479
2023-03-28,5.08,5.12,5.07,5.11,5.11,56791782
2023-03-29,5.13,5.14,5.1,5.11,5.11,61300089
2023-03-30,5.11,5.19,5.1,5.13,5.13,86904491
2023-03-31,5.16,5.16,5.1,5.11,5.11,93602543
2023-04-03,5.11,5.13,5.09,5.1,5.1,70144787
2023-04-04,5.11,5.17,5.1,5.17,5.17,97696629
2023-04-06,5.17,5.2,5.16,5.2,5.2,64615380
2023-04-07,5.19,5.2,5.16,5.18,5.18,46860083
2023-04-10,5.18,5.2,5.16,5.18,5.18,53070506
2023-04-11,5.2,5.21,5.18,5.2,5.2,68398488
2023-04-12,5.21,5.28,5.2,5.26,5.26,103585497
2023-04-13,5.26,5.32,5.24,5.3,5.3,112942244
2023-04-14,5.31,5.32,5.26,5.3,5.3,73649211
2023-04-17,5.29,5.47,5.28,5.47,5.47,183988406
2023-04-18,5.46,5.55,5.45,5.51,5.51,135703952
2023-04-19,5.5,5.56,5.47,5.53,5.53,109474876
2023-04-20,5.53,5.56,5.48,5.52,5.52,91921502
2023-04-21,5.52,5.59,5.49,5.49,5.49,125449810
2023-04-24,5.49,5.56,5.48,5.51,5.51,108901775
2023-04-25,5.52,5.63,5.51,5.63,5.63,193573599
2023-04-26,5.61,5.62,5.45,5.55,5.55,201596977
2023-04-27,5.51,5.6,5.47,5.57,5.57,136986924
2023-04-28,5.57,5.64,5.56,5.57,5.57,129720666
2023-05-04,5.59,5.96,5.58,5.92,5.92,373530645
2023-05-05,5.89,6.07,5.89,6.03,6.03,317845073
2023-05-08,6.03,6.49,6.01,6.32,6.32,449673891
2023-05-09,6.37,6.45,6.18,6.21,6.21,364207265
2023-05-10,6.18,6.26,5.9,5.93,5.93,264464164
2023-05-11,5.96,6.05,5.86,5.91,5.91,145264427
2023-05-12,5.89,5.92,5.8,5.83,5.83,126930709
2023-05-15,5.83,5.91,5.7,5.9,5.9,196889787
2023-05-16,5.9,6.03,5.88,5.89,5.89,135572929
2023-05-17,5.88,5.94,5.81,5.84,5.84,94717587
2023-05-18,5.86,6.02,5.85,5.93,5.93,172481568
2023-05-19,5.93,5.94,5.81,5.82,5.82,126735043
2023-05-22,5.8,5.87,5.79,5.82,5.82,87929903
2023-05-23,5.82,5.86,5.73,5.74,5.74,141453691
2023-05-24,5.74,5.74,5.6,5.6,5.6,191246876
2023-05-25,5.57,5.66,5.52,5.65,5.65,134997508
2023-05-26,5.63,5.83,5.62,5.81,5.81,107969195
2023-05-29,5.81,5.97,5.8,5.96,5.96,142386095
2023-05-30,5.95,5.96,5.84,5.88,5.88,103069534
2023-05-31,5.86,5.89,5.83,5.85,5.85,82306647
2023-06-01,5.83,5.87,5.78,5.82,5.82,94983239
2023-06-02,5.81,5.85,5.75,5.81,5.81,104299680
2023-06-05,5.8,5.9,5.77,5.87,5.87,72356715
2023-06-06,5.87,5.98,5.85,5.91,5.91,117184522
2023-06-07,5.9,5.99,5.88,5.95,5.95,82034240
2023-06-08,5.95,6.08,5.92,6.07,6.07,125720885
2023-06-09,6.07,6.11,6.05,6.05,6.05,87555352
2023-06-12,6.04,6.06,5.86,5.89,5.89,142779793
2023-06-13,5.9,5.94,5.88,5.93,5.93,64989702
2023-06-14,5.93,5.96,5.8,5.81,5.81,133965261
2023-06-15,5.82,5.89,5.79,5.86,5.86,101860175
2023-06-16,5.86,5.87,5.81,5.82,5.82,82841168
2023-06-19,5.81,5.82,5.71,5.72,5.72,107999191
2023-06-20,5.74,5.75,5.7,5.71,5.71,53672373
2023-06-21,5.7,5.87,5.65,5.74,5.74,124216223
2023-06-26,5.74,5.75,5.63,5.65,5.65,102256780
2023-06-27,5.66,5.76,5.62,5.76,5.76,87390023
2023-06-28,5.76,5.81,5.72,5.75,5.75,81834464
2023-06-29,5.77,5.78,5.72,5.73,5.73,54487824
2023-06-30,5.74,5.83,5.72,5.8,5.8,77857333
2023-07-03,5.84,5.9,5.81,5.89,5.89,86702289
2023-07-04,5.87,5.88,5.78,5.81,5.81,69803499
2023-07-05,5.81,5.84,5.77,5.79,5.79,59110773
2023-07-06,5.78,5.83,5.74,5.75,5.75,102257831
2023-07-07,5.74,5.78,5.72,5.75,5.75,64751135
2023-07-10,5.77,5.8,5.74,5.78,5.78,79950921
2023-07-11,5.8,5.83,5.76,5.8,5.8,113566266
2023-07-12,5.45,5.49,5.42,5.43,5.43,144456777
2023-07-13,5.44,5.52,5.44,5.51,5.51,123005640
2023-07-14,5.51,5.62,5.48,5.58,5.58,122893827
2023-07-17,5.57,5.57,5.47,5.52,5.52,88439374
2023-07-18,5.53,5.54,5.5,5.5,5.5,60879202
2023-07-19,5.49,5.54,5.47,5.52,5.52,53228761
2023-07-20,5.53,5.59,5.52,5.56,5.56,68533503
2023-07-21,5.54,5.58,5.53,5.55,5.55,41856855
2023-07-24,5.53,5.56,5.49,5.52,5.52,50433682
2023-07-25,5.56,5.63,5.54,5.6,5.6,102139478
2023-07-26,5.6,5.64,5.59,5.62,5.62,46609459
2023-07-27,5.64,5.72,5.62,5.68,5.68,94915866
2023-07-28,5.68,5.8,5.63,5.78,5.78,119480441
2023-07-31,5.81,5.88,5.77,5.82,5.82,132391462
2023-08-01,5.8,5.86,5.78,5.8,5.8,77585191
2023-08-02,5.78,5.78,5.63,5.66,5.66,122918810
2023-08-03,5.68,5.72,5.63,5.71,5.71,82754721
2023-08-04,5.73,5.78,5.69,5.7,5.7,90734198
2023-08-07,5.68,5.69,5.61,5.65,5.65,94601464
2023-08-08,5.64,5.66,5.6,5.61,5.61,73263809
2023-08-09,5.61,5.64,5.6,5.62,5.62,56626198
2023-08-10,5.62,5.64,5.59,5.62,5.62,59108851
2023-08-11,5.63,5.64,5.54,5.54,5.54,90800316
2023-08-14,5.5,5.51,5.45,5.47,5.47,92525086
2023-08-15,5.47,5.62,5.47,5.61,5.61,115787305
2023-08-16,5.58,5.63,5.52,5.6,5.6,74538718
2023-08-17,5.58,5.61,5.5,5.53,5.53,92069554
2023-08-18,5.52,5.62,5.52,5.57,5.57,73040298
2023-08-21,5.57,5.58,5.46,5.46,5.46,101544765
2023-08-22,5.47,5.56,5.46,5.56,5.56,87950583
2023-08-23,5.55,5.63,5.53,5.57,5.57,85829554
2023-08-24,5.61,5.62,5.52,5.55,5.55,61382170
2023-08-25,5.55,5.61,5.54,5.58,5.58,64154912
2023-08-28,5.78,5.84,5.61,5.63,5.63,139851033
2023-08-29,5.63,5.65,5.54,5.55,5.55,117651170
2023-08-30,5.55,5.56,5.5,5.53,5.53,79761705
2023-08-31,5.54,5.59,5.53,5.55,5.55,86089781
2023-09-01,5.56,5.59,5.52,5.53,5.53,61881733
2023-09-04,5.56,5.61,5.53,5.6,5.6,82179908
2023-09-05,5.6,5.6,5.54,5.55,5.55,59658537
2023-09-06,5.54,5.57,5.53,5.56,5.56,51840487
2023-09-07,5.56,5.6,5.55,5.57,5.57,55765314
2023-09-08,5.57,5.57,5.53,5.54,5.54,41419098
2023-09-11,5.55,5.57,5.52,5.54,5.54,79658030
2023-09-12,5.54,5.55,5.52,5.53,5.53,44662704
2023-09-13,5.54,5.58,5.52,5.56,5.56,83718998
2023-09-14,5.56,5.65,5.55,5.65,5.65,164544189
2023-09-15,5.65,5.72,5.62,5.65,5.65,124185874
2023-09-18,5.65,5.67,5.61,5.65,5.65,69407204
2023-09-19,5.66,5.71,5.65,5.71,5.71,96550683
2023-09-20,5.71,5.76,5.68,5.75,5.75,76877793
2023-09-21,5.75,5.78,5.71,5.74,5.74,77534167
2023-09-22,5.75,5.78,5.67,5.78,5.78,116438124
2023-09-25,5.78,5.84,5.74,5.82,5.82,101474211
2023-09-26,5.82,5.84,5.79,5.8,5.8,61424148
2023-09-27,5.82,5.83,5.75,5.75,5.75,68771837
2023-09-28,5.77,5.8,5.75,5.76,5.76,51157114
2023-10-09,5.73,5.8,5.71,5.77,5.77,67297116
2023-10-10,5.8,5.82,5.76,5.77,5.77,63080632
2023-10-11,5.79,5.8,5.74,5.75,5.75,60299999
2023-10-12,5.81,5.92,5.79,5.91,5.91,161446054
2023-10-13,5.86,6.0,5.86,5.95,5.95,130809512
2023-10-16,5.95,5.98,5.91,5.97,5.97,71671134
2023-10-17,5.97,5.98,5.95,5.97,5.97,57703115
2023-10-18,5.96,6.0,5.93,5.95,5.95,80178305
2023-10-19,5.94,5.95,5.82,5.84,5.84,112082103
2023-10-20,5.82,5.84,5.76,5.8,5.8,83004147
2023-10-23,5.81,5.85,5.77,5.8,5.8,79240024
2023-10-24,5.81,5.82,5.7,5.71,5.71,100195642
2023-10-25,5.76,5.8,5.7,5.78,5.78,75744692
2023-10-26,5.78,5.92,5.77,5.84,5.84,83793493
2023-10-27,5.85,5.88,5.8,5.82,5.82,84711680
2023-10-30,5.8,5.8,5.56,5.59,5.59,241206095
2023-10-31,5.58,5.65,5.55,5.63,5.63,111024948
2023-11-01,5.64,5.73,5.61,5.71,5.71,94442311
2023-11-02,5.74,5.8,5.71,5.76,5.76,81497120
2023-11-03,5.76,5.77,5.71,5.71,5.71,62645144
2023-11-06,5.7,5.74,5.65,5.66,5.66,108374363
2023-11-07,5.66,5.78,5.66,5.76,5.76,100795232
2023-11-08,5.75,5.81,5.74,5.76,5.76,113206683
2023-11-09,5.77,5.85,5.75,5.81,5.81,98688556
2023-11-10,5.8,5.89,5.79,5.82,5.82,108458939
2023-11-13,5.82,5.82,5.72,5.78,5.78,71398819
2023-11-14,5.81,5.87,5.78,5.79,5.79,69896393
2023-11-15,5.83,5.83,5.77,5.81,5.81,54498593
2023-11-16,5.81,5.84,5.8,5.82,5.82,67925033
2023-11-17,5.81,5.83,5.77,5.79,5.79,73780563
2023-11-20,5.81,5.85,5.77,5.85,5.85,78783865
2023-11-21,5.86,5.88,5.83,5.84,5.84,78260473
2023-11-22,5.84,5.88,5.82,5.87,5.87,99557123
2023-11-23,5.86,5.88,5.83,5.84,5.84,73075501
2023-11-24,5.84,5.87,5.82,5.84,5.84,71581273
2023-11-27,5.84,5.85,5.77,5.83,5.83,104407673
2023-11-28,5.83,5.84,5.77,5.77,5.77,96231070
2023-11-29,5.78,5.79,5.7,5.72,5.72,119792473
2023-11-30,5.73,5.84,5.72,5.84,5.84,175257660
2023-12-01,5.84,5.87,5.77,5.78,5.78,103242689
2023-12-04,5.8,5.83,5.78,5.8,5.8,81520813
2023-12-05,5.8,5.83,5.77,5.77,5.77,91516860
2023-12-06,5.78,5.79,5.62,5.71,5.71,122741632
2023-12-07,5.71,5.75,5.67,5.72,5.72,90437025
2023-12-08,5.72,5.75,5.68,5.71,5.71,111534787
2023-12-11,5.71,5.73,5.6,5.73,5.73,137872086
2023-12-12,5.71,5.84,5.69,5.83,5.83,152899370
2023-12-13,5.82,5.86,5.81,5.83,5.83,121603736
2023-12-14,5.83,5.84,5.75,5.82,5.82,100564196
2023-12-15,5.83,5.83,5.73,5.73,5.73,89283386
2023-12-18,5.73,5.83,5.7,5.8,5.8,113344566
2023-12-19,5.79,5.83,5.77,5.79,5.79,76158352
2023-12-20,5.8,5.83,5.77,5.78,5.78,74959089
2023-12-21,5.77,5.79,5.74,5.77,5.77,94030696
2023-12-22,5.78,5.81,5.77,5.78,5.78,75924161
2023-12-25,5.78,5.8,5.76,5.78,5.78,49444835
2023-12-26,5.79,5.81,5.77,5.78,5.78,65004606
2023-12-27,5.77,5.82,5.74,5.81,5.81,108358811
2023-12-28,5.81,5.85,5.73,5.74,5.74,175536374
2023-12-29,5.74,5.76,5.72,5.74,5.74,87996565
2024-01-02,5.76,5.82,5.74,5.78,5.78,125277792
2024-01-03,5.78,5.86,5.77,5.85,5.85,156427305
2024-01-04,5.84,5.9,5.84,5.9,5.9,126368459
2024-01-05,5.89,5.98,5.88,5.91,5.91,136211574
2024-01-08,5.9,5.95,5.85,5.89,5.89,107844154
2024-01-09,5.87,5.9,5.81,5.88,5.88,98483058
2024-01-10,5.87,5.93,5.84,5.84,5.84,79009451
2024-01-11,5.84,5.84,5.75,5.75,5.75,142972319
2024-01-12,5.75,5.83,5.75,5.81,5.81,105175081
2024-01-15,5.82,5.84,5.78,5.83,5.83,91163069
2024-01-16,5.81,5.87,5.8,5.85,5.85,120229236
2024-01-17,5.85,5.89,5.8,5.8,5.8,150074308
2024-01-18,5.79,5.82,5.62,5.79,5.79,272469361
2024-01-19,5.76,5.79,5.68,5.77,5.77,147681383
2024-01-22,5.77,5.82,5.73,5.77,5.77,219973362
2024-01-23,5.76,5.78,5.72,5.75,5.75,117464032
2024-01-24,5.76,5.86,5.75,5.84,5.84,183257551
2024-01-25,5.87,5.92,5.84,5.9,5.9,179212006
2024-01-26,5.89,5.98,5.87,5.97,5.97,209386150
2024-01-29,5.99,6.09,5.98,6.04,6.04,188849038
2024-01-30,6.03,6.07,5.95,5.99,5.99,133579069
2024-01-31,5.98,6.03,5.94,6.0,6.0,144651806
2024-02-01,6.0,6.02,5.96,5.98,5.98,138547123
2024-02-02,5.99,6.08,5.95,6.03,6.03,211899221
2024-02-05,6.04,6.17,6.03,6.15,6.15,302324353
2024-02-06,6.15,6.25,6.14,6.19,6.19,240545806
2024-02-07,6.19,6.2,5.93,6.08,6.08,316461064
2024-02-08,6.05,6.06,5.91,6.01,6.01,232234201
2024-02-19,6.01,6.25,6.0,6.25,6.25,260113495
2024-02-20,6.28,6.38,6.22,6.35,6.35,135302874
2024-02-21,6.32,6.46,6.31,6.41,6.41,156462510
2024-02-22,6.43,6.43,6.36,6.4,6.4,98117681
2024-02-23,6.41,6.53,6.4,6.49,6.49,123867823
2024-02-26,6.48,6.49,6.28,6.29,6.29,127817751
2024-02-27,6.27,6.37,6.26,6.29,6.29,94001924
2024-02-28,6.25,6.32,6.19,6.26,6.26,133167128
2024-02-29,6.26,6.3,6.23,6.27,6.27,119263267
2024-03-01,6.26,6.33,6.24,6.32,6.32,108811400
2024-03-04,6.31,6.32,6.23,6.26,6.26,118811702
2024-03-05,6.27,6.43,6.25,6.4,6.4,151239018
2024-03-06,6.41,6.46,6.32,6.32,6.32,103096900
2024-03-07,6.32,6.38,6.31,6.37,6.37,88851663
2024-03-08,6.36,6.41,6.33,6.35,6.35,65397525
2024-03-11,6.36,6.39,6.31,6.34,6.34,85582133
2024-03-12,6.34,6.34,6.2,6.22,6.22,134566789
2024-03-13,6.21,6.22,6.17,6.2,6.2,84805082
2024-03-14,6.19,6.26,6.18,6.19,6.19,75666858
2024-03-15,6.2,6.21,6.17,6.19,6.19,69179632
2024-03-18,6.18,6.22,6.16,6.18,6.18,85269569
2024-03-19,6.18,6.19,6.12,6.13,6.13,76353489
2024-03-20,6.12,6.21,6.1,6.21,6.21,95567787
2024-03-21,6.22,6.25,6.18,6.22,6.22,72355609
2024-03-22,6.23,6.25,6.18,6.24,6.24,84688364
2024-03-25,6.22,6.32,6.22,6.28,6.28,113099915
2024-03-26,6.31,6.35,6.27,6.35,6.35,108412471
2024-03-27,6.35,6.48,6.34,6.43,6.43,145661624
2024-03-28,6.41,6.41,6.23,6.25,6.25,218772848
2024-03-29,6.24,6.37,6.24,6.34,6.34,118237552
2024-04-01,6.35,6.49,6.33,6.48,6.48,132990991
2024-04-02,6.47,6.53,6.45,6.5,6.5,105757264
2024-04-03,6.49,6.55,6.46,6.51,6.51,95953801
2024-04-08,6.5,6.57,6.46,6.55,6.55,100181851
2024-04-09,6.56,6.58,6.49,6.51,6.51,95842700
2024-04-10,6.5,6.6,6.5,6.57,6.57,93157456
2024-04-11,6.53,6.6,6.49,6.57,6.57,81690164
2024-04-12,6.56,6.59,6.51,6.55,6.55,99531376
2024-04-15,6.54,6.69,6.54,6.68,6.68,129419472
2024-04-16,6.66,6.76,6.63,6.7,6.7,155782782
2024-04-17,6.68,6.78,6.61,6.76,6.76,131352480
2024-04-18,6.76,6.95,6.75,6.85,6.85,156427437
2024-04-19,6.81,6.94,6.81,6.9,6.9,114685913
2024-04-22,6.94,7.04,6.8,6.84,6.84,149144278
2024-04-23,6.85,7.0,6.81,6.92,6.92,147682342
2024-04-24,6.95,6.96,6.88,6.91,6.91,78370123
2024-04-25,6.92,6.96,6.84,6.94,6.94,79083596
2024-04-26,6.92,7.0,6.83,6.85,6.85,122676667
2024-04-29,6.85,6.88,6.78,6.8,6.8,162088448
2024-04-30,6.81,6.94,6.81,6.88,6.88,133889242
2024-05-06,6.92,6.96,6.77,6.79,6.79,169940517
2024-05-07,6.79,6.84,6.75,6.83,6.83,109127751
2024-05-08,6.81,6.95,6.8,6.93,6.93,126573290
2024-05-09,6.91,6.94,6.86,6.89,6.89,83303737
2024-05-10,6.89,6.96,6.87,6.94,6.94,97772929
2024-05-13,6.95,7.0,6.89,6.99,6.99,97756393
2024-05-14,6.99,7.0,6.9,6.93,6.93,104869553
2024-05-15,6.92,6.95,6.88,6.91,6.91,48097121
2024-05-16,6.92,6.98,6.89,6.97,6.97,91614337
2024-05-17,6.97,7.03,6.93,7.03,7.03,99582684
2024-05-20,7.03,7.14,6.98,6.99,6.99,147038987
2024-05-21,6.98,7.05,6.96,7.04,7.04,84059177
2024-05-22,7.04,7.12,7.02,7.09,7.09,88786146
2024-05-23,7.09,7.12,7.04,7.07,7.07,72861590
2024-05-24,7.08,7.12,7.02,7.03,7.03,84699481
2024-05-27,7.03,7.12,7.03,7.1,7.1,88202846
2024-05-28,7.11,7.16,7.06,7.09,7.09,79485478
2024-05-29,7.08,7.13,7.05,7.08,7.08,88148262
2024-05-30,7.07,7.09,6.97,6.98,6.98,94936857
2024-05-31,7.01,7.09,6.98,7.05,7.05,103428595
2024-06-03,7.08,7.15,7.04,7.09,7.09,138120345
2024-06-04,7.1,7.23,7.08,7.21,7.21,151230127
2024-06-05,7.2,7.24,7.17,7.21,7.21,106808251
2024-06-06,7.2,7.24,7.17,7.18,7.18,110827036
2024-06-07,7.18,7.37,7.17,7.36,7.36,175700222
2024-06-11,7.36,7.38,7.1,7.15,7.15,194636106
2024-06-12,7.14,7.15,6.99,7.13,7.13,156846329
2024-06-13,7.13,7.15,7.03,7.04,7.04,147093505
2024-06-14,7.04,7.06,6.73,6.8,6.8,559351493
2024-06-17,6.78,6.91,6.75,6.87,6.87,239407635
2024-06-18,6.84,6.96,6.75,6.94,6.94,180673625
2024-06-19,6.94,7.15,6.93,7.15,7.15,189104301
2024-06-20,7.15,7.21,7.11,7.18,7.18,130225733
2024-06-21,7.19,7.24,7.15,7.21,7.21,146230206
2024-06-24,7.21,7.31,7.18,7.27,7.27,163612601
2024-06-25,7.27,7.34,7.25,7.28,7.28,153160965
2024-06-26,7.3,7.36,7.28,7.33,7.33,135173762
2024-06-27,7.35,7.48,7.27,7.44,7.44,173692745
2024-06-28,7.43,7.51,7.42,7.47,7.47,126964032
2024-07-01,7.48,7.6,7.47,7.54,7.54,105385569
2024-07-02,7.53,7.67,7.52,7.64,7.64,115771192
2024-07-03,7.64,7.72,7.53,7.62,7.62,123842056
2024-07-04,7.62,7.8,7.61,7.77,7.77,147293603
2024-07-05,7.77,7.82,7.53,7.58,7.58,171817241
2024-07-08,7.57,7.73,7.54,7.69,7.69,121064625
2024-07-09,7.7,7.77,7.62,7.74,7.74,112440854
2024-07-10,7.4,7.48,7.34,7.38,7.38,149768135
2024-07-11,7.37,7.4,7.29,7.35,7.35,108108022
2024-07-12,7.37,7.49,7.36,7.43,7.43,120245653
2024-07-15,7.44,7.54,7.41,7.51,7.51,107124132
2024-07-16,7.52,7.6,7.42,7.49,7.49,112716529
2024-07-17,7.47,7.52,7.42,7.49,7.49,115651813
2024-07-18,7.5,7.51,7.37,7.47,7.47,124610572
2024-07-19,7.46,7.57,7.38,7.46,7.46,151232451
2024-07-22,7.47,7.5,7.39,7.46,7.46,115203438
2024-07-23,7.47,7.68,7.45,7.6,7.6,136468317
2024-07-24,7.58,7.72,7.56,7.68,7.68,134411272
2024-07-25,7.69,7.71,7.47,7.58,7.58,142061275
2024-07-26,7.56,7.58,7.31,7.46,7.46,152628413
2024-07-29,7.47,7.52,7.37,7.5,7.5,90512501
2024-07-30,7.51,7.55,7.44,7.5,7.5,92612342
2024-07-31,7.51,7.53,7.34,7.36,7.36,125297544
2024-08-01,7.33,7.5,7.21,7.4,7.4,120260758
2024-08-02,7.4,7.5,7.34,7.42,7.42,97924349
2024-08-05,7.45,7.46,7.35,7.37,7.37,117452792
2024-08-06,7.4,7.44,7.26,7.3,7.3,114486374
2024-08-07,7.3,7.41,7.28,7.31,7.31,100928583
2024-08-08,7.33,7.34,7.28,7.29,7.29,57051631
2024-08-09,7.28,7.34,7.23,7.32,7.32,62428827
2024-08-12,7.31,7.38,7.29,7.37,7.37,56792108
2024-08-13,7.37,7.52,7.36,7.45,7.45,95410433
2024-08-14,7.47,7.54,7.44,7.53,7.53,87050537
2024-08-15,7.53,7.64,7.52,7.6,7.6,113852404
2024-08-16,7.61,7.74,7.6,7.73,7.73,107701896
2024-08-19,7.71,7.94,7.68,7.92,7.92,121365542
2024-08-20,7.93,7.98,7.85,7.96,7.96,110832700
2024-08-21,7.94,7.99,7.84,7.96,7.96,89925231
2024-08-22,7.97,8.04,7.95,7.99,7.99,117718674
2024-08-23,8.0,8.02,7.88,7.98,7.98,94328545
2024-08-26,7.96,8.0,7.88,7.95,7.95,71534368
2024-08-27,7.97,8.05,7.95,8.03,8.03,110185658
2024-08-28,8.03,8.06,7.9,7.94,7.94,105109039
2024-08-29,7.9,7.9,7.55,7.56,7.56,180993426
2024-08-30,7.52,7.57,7.1,7.11,7.11,359300128
2024-09-02,7.05,7.14,6.96,7.06,7.06,223552101
2024-09-03,7.06,7.07,6.78,6.88,6.88,215352880
2024-09-04,6.84,6.92,6.76,6.81,6.81,143356690
2024-09-05,6.83,6.85,6.7,6.8,6.8,147626261
2024-09-06,6.8,6.92,6.79,6.8,6.8,125643456
2024-09-09,6.79,6.82,6.7,6.73,6.73,132289798
2024-09-10,6.72,6.77,6.66,6.74,6.74,128812565
2024-09-11,6.71,6.73,6.51,6.54,6.54,163610236
2024-09-12,6.52,6.61,6.42,6.55,6.55,142845235
2024-09-13,6.55,6.61,6.46,6.48,6.48,124378224
2024-09-18,6.49,6.57,6.48,6.55,6.55,96887946
2024-09-19,6.57,6.6,6.48,6.55,6.55,112367068
2024-09-20,6.54,6.63,6.53,6.59,6.59,140099197
2024-09-23,6.58,6.72,6.54,6.68,6.68,115546665
2024-09-24,6.73,7.14,6.7,7.13,7.13,256294775
2024-09-25,7.21,7.38,7.1,7.21,7.21,232397916
2024-09-26,7.24,7.51,7.14,7.51,7.51,207398502
2024-09-27,7.62,7.68,7.18,7.24,7.24,212840388
2024-09-30,7.24,7.55,7.06,7.4,7.4,492619373
2024-10-08,7.81,8.05,7.25,7.35,7.35,563854440
2024-10-09,7.32,7.39,7.05,7.05,7.05,332238130
2024-10-10,7.15,7.48,7.11,7.4,7.4,320901005
2024-10-11,7.4,7.54,7.3,7.37,7.37,216499724
2024-10-14,7.42,7.68,7.42,7.53,7.53,251492675
2024-10-15,7.52,7.59,7.37,7.37,7.37,181905630
2024-10-16,7.37,7.64,7.36,7.61,7.61,198126933
2024-10-17,7.6,7.67,7.5,7.5,7.5,129256636
2024-10-18,7.52,7.57,7.32,7.48,7.48,185281266
2024-10-21,7.47,7.47,7.27,7.33,7.33,176035658
2024-10-22,7.35,7.42,7.32,7.37,7.37,100609762
2024-10-23,7.37,7.4,7.32,7.33,7.33,112637500
2024-10-24,7.33,7.4,7.31,7.34,7.34,74986018
2024-10-25,7.37,7.38,7.28,7.32,7.32,87550287
2024-10-28,7.3,7.31,7.22,7.26,7.26,78545237
2024-10-29,7.27,7.34,7.22,7.23,7.23,116704369
2024-10-30,7.25,7.3,7.16,7.21,7.21,115209422
2024-10-31,7.19,7.24,7.07,7.11,7.11,130588603
2024-11-01,7.13,7.29,7.1,7.22,7.22,129202627
2024-11-04,7.23,7.24,7.08,7.22,7.22,114412767
2024-11-05,7.19,7.27,7.16,7.27,7.27,101523585
2024-11-06,7.23,7.28,7.16,7.2,7.2,120762219
2024-11-07,7.19,7.29,7.16,7.29,7.29,125220176
2024-11-08,7.3,7.35,7.18,7.22,7.22,139641752
2024-11-11,7.16,7.21,7.1,7.11,7.11,125846543
2024-11-12,7.1,7.22,7.08,7.08,7.08,138062683
2024-11-13,7.08,7.14,7.06,7.09,7.09,85079604
2024-11-14,7.08,7.2,7.06,7.13,7.13,129091792
2024-11-15,7.12,7.19,7.05,7.12,7.12,130092376
2024-11-18,7.16,7.39,7.16,7.29,7.29,208899432
2024-11-19,7.29,7.38,7.19,7.24,7.24,128826208
2024-11-20,7.22,7.27,7.19,7.19,7.19,94512725
2024-11-21,7.18,7.22,7.17,7.21,7.21,64367610
2024-11-22,7.21,7.23,7.07,7.08,7.08,109867615
2024-11-25,7.12,7.19,7.08,7.13,7.13,121729699
2024-11-26,7.13,7.34,7.12,7.33,7.33,202704089
2024-11-27,7.32,7.48,7.31,7.47,7.47,160279456
2024-11-28,7.45,7.51,7.37,7.43,7.43,99190028
2024-11-29,7.45,7.5,7.32,7.33,7.33,120959375
2024-12-02,7.31,7.33,7.2,7.24,7.24,175128589
2024-12-03,7.22,7.37,7.21,7.35,7.35,180315583
2024-12-04,7.33,7.4,7.27,7.36,7.36,145786934
2024-12-05,7.34,7.41,7.31,7.31,7.31,105181498
2024-12-06,7.31,7.42,7.3,7.37,7.37,149035430
2024-12-09,7.38,7.43,7.32,7.4,7.4,139729232
2024-12-10,7.48,7.57,7.41,7.5,7.5,221644431
2024-12-11,7.49,7.56,7.32,7.33,7.33,215194756
2024-12-12,7.34,7.46,7.31,7.45,7.45,198880949
2024-12-13,7.42,7.44,7.28,7.31,7.31,375041144
2024-12-16,7.3,7.5,7.3,7.42,7.42,266468552
2024-12-17,7.41,7.5,7.39,7.39,7.39,152155151
2024-12-18,7.43,7.56,7.42,7.52,7.52,167082738
